Movie Name,Rating,Action,Comedy,Drama,Horror,Science Fiction,Mystery,Romance,Music,Animation,Adventure,Documentary,Family,Crime,Fantasy,History,Western
Citizen Nawi,7.6,0,0,0,0,0,0,0,0,0,0,1,0,0,0,0,0
Chichi no Ijô na Aijô,8.3,1,1,1,1,1,0,0,0,0,1,0,0,0,1,0,0
Surditia,7.4,0,0,0,0,0,0,0,0,1,0,0,0,0,0,0,0
The Blitz: London's Longest Night,7.8,1,0,0,0,0,0,0,0,0,0,1,0,0,0,1,0
Business Before Honesty,8.4,0,1,0,0,0,0,0,0,0,0,0,0,0,0,0,0
Saudis in America,8.0,0,1,0,0,0,0,0,0,0,0,1,0,0,0,0,0
Franklin and the Tooth Fairy/Franklin Takes the Blame,6.6,0,1,1,0,0,0,0,0,1,0,0,1,0,1,0,0
Wear,5.0,0,0,1,1,0,1,0,0,0,0,0,0,0,0,0,0
Migrante,7.5,0,0,1,0,0,0,0,0,0,0,0,0,0,0,0,0
La trahison,8.0,0,0,1,0,0,0,0,0,0,0,0,0,0,0,0,0
Hidden Hero,5.8,1,0,0,0,0,0,0,0,0,0,0,0,0,0,0,0
Bach Cello Suite #4: Sarabande,7.0,0,0,1,0,0,0,0,1,0,0,0,0,0,0,0,0
Standing on Sacred Ground: Profit and Loss,8.8,0,0,0,0,0,0,0,0,0,0,1,0,0,0,1,0
Outside Paradise,9.2,0,0,1,0,1,0,0,0,0,0,0,0,0,0,0,1
"Nowhere, Nobody",4.9,0,0,1,0,0,1,0,0,0,0,0,0,1,0,0,0
A Figure to Chase After,8.3,1,1,1,0,0,0,0,0,1,0,0,0,0,0,0,0
"One Nation, Overweight",8.0,0,0,0,0,0,0,0,0,0,0,1,0,0,0,0,0
How to Get European Men,7.5,0,1,0,0,0,0,0,0,0,0,0,0,0,0,0,0
Virgin Hangover,7.3,0,1,0,0,0,0,0,0,1,0,0,0,0,0,0,0
Baby Bible Bashers,6.3,0,0,0,0,0,0,0,0,0,0,1,0,0,0,0,0
Clean Sweep,7.5,0,1,0,0,0,1,0,0,1,1,0,1,0,0,0,0
Chelworth,7.9,0,0,1,0,0,0,0,0,0,0,0,0,0,0,0,0
The 9:04 from Pemberton,6.4,0,1,0,0,0,0,1,0,0,0,0,0,0,0,0,0
Nos reimos de la migra (destrampados y mojados),6.6,0,1,0,0,0,0,0,0,0,0,0,0,0,0,0,0
Kan Kan Men Bhagwan,5.8,0,0,1,0,0,0,1,0,0,1,0,0,0,1,0,0
Which Way Home,6.5,0,0,1,0,0,0,0,0,0,0,0,0,0,0,0,0
La mujer del diablo,4.8,0,0,1,1,0,0,0,0,0,0,0,0,0,0,0,0
Polizeirevier 21,9.4,0,0,0,0,0,0,0,0,0,0,0,0,1,0,0,0
Stay Close,6.9,0,1,1,1,0,1,0,0,0,0,0,0,1,0,0,0
La gotera,8.6,0,1,0,0,0,0,0,1,0,0,0,1,0,1,0,0
Piccolo's Return,8.1,1,0,0,0,1,0,0,0,1,1,0,0,0,1,0,0
Episode #2.9,9.8,0,0,1,0,0,0,1,0,0,0,0,0,0,0,0,0
Hearts in Atlantis,6.9,0,0,1,0,0,1,0,0,0,0,0,0,0,0,0,0
Round 6,7.6,0,0,0,0,0,0,0,1,0,0,0,1,0,0,0,0
Itsumademo dôbutsuen/Ame no dôbutsuen,8.5,0,1,0,0,0,0,0,0,1,0,0,0,0,0,0,0
Self Portrait,6.6,0,1,0,0,0,0,0,0,1,0,0,0,0,0,0,0
Point of No Return,8.1,0,1,0,0,0,0,0,0,0,0,0,0,0,0,0,0
So's Your Antenna,5.7,0,1,0,0,0,0,0,0,0,0,0,0,1,0,0,0
9732,8.2,0,0,0,0,0,1,0,0,0,0,0,0,0,0,0,0
Anger Management,7.0,0,1,1,0,0,0,1,0,0,0,0,1,0,0,0,0
Teddy a horreur de la fumée,4.2,0,1,0,0,0,0,0,0,0,0,0,0,0,0,0,0
Episode #9.91,6.0,0,0,0,0,0,0,0,0,0,0,1,0,0,0,0,0
Glitter in Their Eyes,6.8,0,0,0,0,0,0,0,0,0,1,0,0,0,0,0,0
Wild Hearts Can't Be Broken,7.2,0,0,1,0,0,0,1,0,0,0,0,1,0,0,0,0
Pingu and the Packing Material,7.6,0,1,0,0,0,0,0,0,1,0,0,1,0,0,0,0
Australia 2 - Queensland,8.3,0,0,0,0,0,0,0,0,0,0,1,0,0,0,0,0
Jheri's Kids,7.2,0,1,0,0,0,0,0,1,0,0,0,0,0,0,0,0
Lockup Raw: The Killer Next Door,6.6,0,0,0,0,0,0,0,0,0,0,1,0,0,0,0,0
Eyes of the Werewolf,3.6,0,0,0,1,0,0,0,0,0,0,0,0,0,0,0,0
Best Laid Plans,8.3,1,0,1,0,0,0,1,0,0,0,0,0,0,0,0,0
Dummy Dancing,7.9,1,1,1,0,0,0,0,0,0,0,0,1,0,0,0,0
"And So, My Children",8.1,0,0,1,0,0,1,0,0,0,0,0,1,0,0,0,0
Miss Suzuna of the Trainers' School!,6.9,1,1,0,0,1,0,0,0,1,1,0,1,0,1,0,0
Guitar Center Sessions,8.9,0,0,0,0,0,0,0,1,0,0,0,0,0,0,0,0
"A Fine, Windy Day",5.9,0,0,1,0,0,0,0,0,0,0,0,0,0,0,0,0
Thor's Slammer,7.4,1,0,1,0,1,1,0,0,0,1,0,0,0,1,1,0
O Regresso de Paulina,9.7,0,1,0,0,0,0,0,0,0,0,0,0,0,0,0,0
Tactical Unit - The Code,6.2,1,0,0,1,0,0,0,0,0,0,0,0,1,0,0,0
Cinta dan noda,4.3,0,0,1,1,0,0,0,0,0,0,0,0,0,0,0,0
FWA Vendetta 2003,7.3,1,0,0,0,0,0,0,0,0,0,0,0,0,0,0,0
Food and Magic,5.7,0,0,0,0,0,0,0,0,0,0,1,0,0,0,0,0
Krysinyy ugol,5.5,1,0,0,0,0,0,0,0,0,0,0,0,0,0,0,0
Children of Sorrow,4.1,0,0,0,1,0,0,0,0,0,0,0,0,0,0,0,0
The Plank,4.4,0,1,0,0,0,0,0,0,0,0,0,0,0,0,0,0
Brahmin Bulls,6.6,0,0,1,0,0,0,0,0,0,0,0,0,0,0,0,0
Richard the Second,4.8,0,0,1,0,0,0,0,0,0,0,0,0,0,0,0,0
Day 28,5.5,0,0,0,0,0,0,0,0,0,0,1,0,0,0,0,0
Elisa McNabney,8.1,0,0,0,0,0,0,0,0,0,0,1,0,1,0,0,0
Toscane,6.1,0,1,0,0,0,0,0,0,0,0,0,0,0,0,0,0
West End,6.0,0,0,1,0,0,0,0,0,0,0,0,0,1,0,0,0
Milk,7.5,0,0,1,0,0,0,0,0,0,0,0,0,0,0,1,0
Youth Akechi's Splendid Sword Skill: File 1,7.8,1,0,1,1,0,1,0,0,1,0,0,0,1,0,0,0
Atentat: Osinnie vbyvstvo u Munkheni,7.2,0,0,1,0,0,0,0,0,0,0,0,0,0,0,1,0
Dream Merchants,5.3,0,1,0,0,0,0,1,0,0,0,0,0,0,1,0,0
The Fantastic Frerps,7.0,1,0,0,0,1,0,0,0,1,1,0,1,0,1,0,0
The Power Strikers,8.0,0,0,0,0,0,0,0,0,0,0,0,1,0,0,0,0
Little Shop of Whores,4.4,0,1,0,0,0,0,0,0,0,0,0,0,0,1,0,0
The Mad Monster of Muni-Mula,5.2,0,1,0,0,0,0,0,0,1,0,0,1,0,0,0,0
El caffinato,8.6,0,1,0,0,0,0,0,1,0,0,0,0,0,0,0,1
Confused/The Molting Fairy,6.4,0,1,0,0,0,0,0,0,1,1,0,1,0,1,0,0
Xie zheng,6.4,0,0,1,0,0,0,0,0,0,0,0,0,0,0,0,0
Listless Fever,6.6,0,0,1,0,0,0,0,0,0,0,0,0,0,0,0,0
First Training Camp and First Public Bath,8.9,0,1,1,0,0,0,0,0,1,0,0,1,0,0,0,0
Jenny Jones,3.7,0,0,1,0,0,0,0,0,0,0,0,0,0,0,0,0
"Overland Express Arriving at Helena, Mont.",3.6,0,0,0,0,0,0,0,0,0,0,1,0,0,0,0,0
Tou emporikou,7.4,0,1,0,0,0,0,1,0,0,0,0,0,0,0,0,0
Cheeks of Evil/Reap and Weep,7.4,1,1,0,0,1,0,0,0,1,1,0,1,0,1,0,0
A Fork in the Road,5.9,0,1,0,0,0,0,0,0,0,0,0,0,1,0,0,0
Italian Dinner,6.8,0,0,0,0,0,0,0,0,0,1,1,0,0,0,0,0
Takhir i Zukhra,6.3,0,0,0,0,0,0,1,0,0,0,0,0,0,0,1,0
La canaglia di Parigi,5.1,0,0,0,0,0,0,0,0,0,1,0,0,0,0,0,0
Aramiza kan girdi,5.5,0,0,0,0,0,0,0,0,0,1,0,0,0,0,0,0
Wizard School: Part 2,7.1,0,1,1,0,0,0,0,0,0,1,0,1,0,1,0,0
Come and Get It,2.9,1,1,0,0,0,0,0,0,0,0,0,0,0,0,0,0
Alla fine della notte,5.9,0,0,1,0,0,0,0,0,0,0,0,0,0,0,0,0
Dritter Teil,7.4,1,0,0,1,0,0,0,0,0,0,0,0,0,0,0,0
Miracle,8.0,0,0,1,1,1,1,0,0,0,0,0,0,1,0,0,0
Keep Out,6.5,0,0,0,0,0,0,0,0,0,0,1,0,0,0,1,0
Field of Schemes 4,5.8,0,0,1,0,0,0,1,0,0,0,0,0,0,0,0,0
Como Pedro por su casa,7.9,0,1,0,0,0,0,0,0,0,0,0,0,0,0,0,0
Journey to Numberland,8.9,0,0,0,0,0,0,0,0,1,0,0,1,0,0,0,0
Halloween Special,7.3,0,1,0,0,0,0,0,1,0,0,0,0,0,0,0,0
The Old Kai's Weapon,7.6,1,0,0,0,1,0,0,0,1,1,0,0,0,1,0,0
Five Love Stories,6.0,0,0,0,0,0,0,1,0,0,0,1,0,0,0,0,0
Deep Water,5.5,0,0,1,1,0,1,1,0,0,0,0,0,1,0,0,0
Jonah Jones,6.5,0,1,0,0,0,0,0,0,0,0,0,0,0,0,0,0
A Look at Monaco,6.4,0,0,0,0,0,0,0,0,0,0,1,1,0,0,0,0
Four-Star Spectacular!,6.2,1,0,0,0,1,0,0,0,1,1,0,1,1,1,0,0
The Vivero Letter,4.4,1,0,0,1,0,0,0,0,0,1,0,0,0,0,0,0
Sound of Vision,8.5,0,0,0,0,0,0,0,0,0,0,1,0,0,0,0,0
Evil Dead Trap 2,5.4,0,0,1,1,0,1,0,0,0,0,0,0,0,0,0,0
Playing Dead,7.5,1,0,0,1,0,0,0,0,0,0,0,0,0,1,0,0
Bragging Rights 2010 Fallout,6.8,1,0,0,0,0,0,0,0,0,0,0,0,0,0,0,0
Monsters & Maniacs,5.4,0,1,1,1,1,1,0,0,0,0,0,0,0,1,0,0
Winnie the Pooh Spookable Pooh,7.1,0,0,0,0,0,0,0,0,1,0,0,1,0,0,0,0
Shakunetsu no Bôsou Tokkyû! Dai ma dôshi ga nokoshita ma dôgu?,7.6,1,1,0,1,0,0,0,0,1,1,0,0,0,1,0,0
Hunger: Longing for Love,6.0,0,0,1,0,0,0,1,0,0,0,0,0,0,0,0,0
Family Scrapbook II,5.2,0,1,0,0,0,0,0,0,0,0,0,1,0,0,0,0
Panzer Dragoon,7.6,1,0,0,0,0,0,0,0,0,0,0,0,0,1,0,0
A rátóti csikótojás,8.3,0,0,0,0,0,0,0,0,1,0,0,0,0,0,0,0
And the Pop-Up Sale,7.2,0,1,0,0,0,0,0,0,0,0,0,0,0,0,0,0
The White Fang,7.2,0,0,1,0,0,0,0,0,0,1,0,1,0,0,0,1
"Educating Bigmouth/Brainy Smurf, Friend to All the Animals",6.8,0,1,0,0,0,0,0,0,1,1,0,1,0,1,0,0
Sexual Kung Fu in Hong Kong,5.3,0,0,1,0,0,0,0,0,0,0,0,0,0,0,0,0
Duggars' Big Family Album,4.7,0,0,0,0,0,0,0,0,0,0,1,0,0,0,0,0
Petlya Oriona,4.9,0,0,0,0,1,0,0,0,0,0,0,0,0,0,0,0
Seahorse Seashell Party,6.6,0,1,0,0,0,0,0,0,1,0,0,0,0,0,0,0
McQueen for a Day,7.1,0,0,0,0,0,0,0,0,0,0,1,0,0,0,0,0
Der große Bellheim,7.4,0,0,1,0,0,0,0,0,0,0,0,0,0,0,0,0
Re-Entry: Grey Zone,5.9,1,0,0,1,1,0,0,0,0,0,0,0,0,0,0,0
Brain Damage,7.4,0,0,0,0,0,0,0,0,0,0,1,0,0,0,0,0
Quarks & Co.,8.3,0,0,0,0,0,0,0,0,0,0,1,0,0,0,0,0
24 Nights,6.3,0,1,1,0,0,0,1,0,0,0,0,0,0,0,0,0
The Prophet,7.8,0,0,1,0,0,0,0,0,0,0,0,0,0,1,0,0
Mansfield Path,7.4,0,0,1,1,1,0,0,0,0,0,0,0,0,1,0,0
Margina,7.2,0,0,1,0,0,0,0,0,0,0,0,0,0,0,0,0
Stan,7.2,0,0,0,0,0,0,0,0,0,0,1,0,0,0,0,0
America's Tallest Baby,9.2,0,1,0,0,0,0,0,0,0,0,0,0,0,0,0,0
The Bet,6.2,1,0,1,0,0,0,0,0,0,1,0,1,0,0,0,0
Standing Up,8.3,0,0,0,0,0,0,0,0,0,0,1,0,0,0,0,0
La vita facile,6.2,0,1,0,0,0,0,0,0,0,0,0,0,0,0,0,0
Episode #4.42,4.7,0,0,0,0,0,0,0,0,0,0,1,0,0,0,0,0
The Call of the Wild,6.3,0,0,0,0,0,0,0,0,0,1,0,0,0,0,0,0
Yorktown Memorial Hospital,6.1,0,0,0,1,0,0,0,0,0,0,0,0,0,0,0,0
Booger Nights,7.9,0,1,0,0,0,0,0,0,0,0,0,0,0,0,0,0
Videocracy,6.5,0,0,0,0,0,0,0,0,0,0,1,0,0,0,0,0
The Drain,5.8,0,0,0,1,1,1,0,0,0,0,0,0,0,0,0,0
The Well,5.8,0,0,1,0,0,0,0,0,0,0,0,0,0,0,1,0
Alaloumia,7.3,0,1,0,0,0,0,0,0,0,0,0,0,0,0,0,0
Red Seven,7.7,1,0,1,1,0,0,0,0,0,0,0,0,1,0,0,0
Vortech: Undercover Conversion Squad,6.9,1,0,0,0,1,0,0,0,1,1,0,1,0,0,0,0
"The Hellish Rikuum! Keep Me Entertained, Vegeta-chan",7.8,1,1,0,0,1,0,0,0,1,1,0,0,0,1,0,0
How TV Changed Britain,6.0,0,0,0,0,0,0,0,0,0,0,1,0,0,0,0,0
Z mého zivota,6.3,0,0,0,0,0,0,0,1,0,0,0,0,0,0,0,0
Toote Khilone,6.3,0,0,1,0,0,0,0,0,0,0,0,0,0,0,0,0
Michael Jackson: HIStory on Film - Volume II,8.4,0,0,0,0,0,0,0,1,0,0,0,0,0,0,0,0
Discoveries of a Marionette,5.5,1,0,0,0,0,0,0,0,0,1,1,1,0,0,0,0
Chris Rock: Bring the Pain,8.2,0,1,0,0,0,0,0,0,0,0,0,0,0,0,0,0
Mean Guns,5.4,1,0,0,1,0,0,0,0,0,0,0,0,1,0,0,0
What Maisie Knew,7.4,0,0,1,0,0,0,0,0,0,0,0,0,0,0,0,0
Petit vampire,8.1,0,0,0,0,0,0,0,0,1,0,0,0,0,0,0,0
Diwan,7.8,0,0,1,0,0,0,0,0,0,0,0,0,0,0,0,0
"Las Cotuchas, empresarias",8.6,0,0,1,0,0,0,0,0,0,0,0,0,1,0,0,0
Prologue (Abhaas),8.0,0,0,1,0,0,0,0,0,0,0,0,0,0,0,0,0
Tramway Ride Through the Streets of Norwich,4.1,0,0,0,0,0,0,0,0,0,0,1,0,0,0,0,0
Elf Sparkle Meets Christmas the Horse,7.8,0,0,0,0,0,0,0,0,1,0,0,0,0,0,0,0
Love Times Three,4.5,0,0,1,0,0,0,0,0,0,0,0,0,0,0,0,0
The Best Man,8.4,0,1,1,0,0,0,1,0,0,0,0,0,0,0,0,0
You Suck,9.1,0,1,0,0,0,0,0,0,0,0,0,0,0,0,0,0
The Most Beautiful Breasts in the World,5.9,0,1,0,0,0,0,0,0,0,0,0,0,0,0,0,0
The Host Whisperer,5.6,0,1,0,0,0,0,0,0,0,0,0,0,0,0,0,0
Audrey the Trainwreck,7.4,0,1,1,0,0,0,1,0,0,0,0,0,0,0,0,0
Apricot,6.5,0,0,0,0,0,0,0,0,0,0,1,0,0,0,0,0
Horror Movie Daycare,7.3,0,1,0,0,0,0,0,0,0,0,0,0,0,0,0,0
The Last Book in the Library,8.0,0,0,0,0,1,0,0,0,0,0,0,0,0,0,0,0
Fatherland,7.1,0,0,1,0,0,0,0,0,0,0,0,0,0,0,0,0
The Turn of the Screw,5.3,0,0,0,0,0,0,0,1,0,0,0,0,0,0,0,0
Guilty as Sin,5.7,0,0,1,1,0,0,0,0,0,0,0,0,1,0,0,0
Rohanj velem!,6.8,0,0,1,0,0,0,0,0,0,0,0,0,0,0,0,0
Kukuruzas maja,7.6,0,0,0,0,0,0,0,0,0,0,1,0,0,0,0,0
Three Musketeers in Boots,5.8,0,1,0,0,0,0,0,0,1,1,0,1,0,0,0,1
Da Vinci,8.2,0,0,0,0,0,0,0,0,0,0,1,0,0,0,0,0
Trasharella Ultra Vixen,6.0,0,0,0,0,0,0,0,0,0,1,0,0,0,0,0,0
My Wife Is an Actress,6.4,0,1,1,0,0,0,1,0,0,0,0,0,0,0,0,0
Handicap,8.6,1,0,1,0,0,0,1,0,0,0,0,0,0,0,0,0
Une nounou pas comme les autres,5.2,0,0,1,0,0,0,0,0,0,0,0,0,0,0,0,0
Bravo Profiles,6.7,0,0,0,0,0,0,0,0,0,0,1,0,0,0,0,0
Episode #1.5372,8.4,0,0,1,0,0,0,1,0,0,0,0,0,0,0,0,0
The September Issue,7.0,0,0,0,0,0,0,0,0,0,0,1,0,0,0,0,0
"Wetten, dass..? aus Hannover",6.6,0,1,0,0,0,0,0,1,0,0,0,0,0,0,0,0
Brother's Keeper,7.5,0,0,0,0,0,1,0,0,0,0,1,0,1,0,0,0
Sailor Moon,7.7,1,1,0,1,0,0,0,0,1,1,0,0,0,0,0,0
Goku Gains Speed,7.8,1,0,0,0,1,0,0,0,1,1,0,0,0,1,0,0
You've Been Warned,7.0,1,1,1,0,0,1,0,0,0,0,0,0,1,0,0,0
Frozen in Fear,7.8,0,0,0,1,0,0,0,0,0,0,0,0,0,0,0,0
Whales: An Unforgettable Journey,7.2,0,0,0,0,0,0,0,0,0,0,1,0,0,0,0,0
Les curieux 2ème partie,7.5,0,1,0,0,0,0,0,0,0,1,0,0,0,1,0,0
Tropical Tease,4.5,0,1,0,0,0,0,0,0,0,0,0,0,0,0,0,0
Wild Art: Olly & Suzi,6.8,0,0,0,0,0,0,0,0,0,0,1,0,0,0,0,0
"Run, Jamie, Run",7.6,1,0,1,1,0,1,0,0,0,0,0,0,1,0,1,0
The Oranges,5.8,0,1,1,0,0,0,1,0,0,0,0,0,0,0,0,0
The Science of Obesity,7.6,0,0,0,0,0,0,0,0,0,0,1,0,0,0,0,0
Písnickár,6.5,0,0,1,0,0,0,0,0,0,0,0,0,0,0,0,0
Pagari (Mohammad Abdullah),8.0,0,0,1,0,0,0,0,0,0,0,0,0,1,0,0,0
Opus Dei - Una cruzada silenciosa,7.2,0,0,0,0,0,0,0,0,0,0,1,0,0,0,0,0
Matura - czesc 3,7.8,0,1,0,0,0,0,0,0,0,0,0,0,0,0,0,0
Pacemaker,6.5,0,0,1,0,0,0,0,0,0,0,0,0,0,0,0,0
Power Rangers DinoThunder,6.9,1,0,0,0,1,0,0,0,0,1,0,1,0,1,0,0
Palace of Stains,5.5,0,0,1,1,0,0,1,0,0,0,0,0,0,0,0,0
Darkroom,5.9,0,0,1,1,0,0,0,0,0,0,0,0,0,0,0,0
Und Nelson spielt,6.4,0,0,0,0,0,0,0,1,0,0,0,0,0,0,0,0
Last Vegas,6.6,0,1,0,0,0,0,0,0,0,0,0,0,0,0,0,0
License to Scoot/The Old Duck and the Sea,7.8,0,1,0,1,0,0,0,0,1,1,0,1,1,1,0,0
Episode #1.3,8.1,0,0,0,0,0,1,0,0,0,0,0,0,0,0,0,0
Joie,5.7,0,1,0,0,0,0,1,0,0,0,0,0,0,0,0,0
American Heroes 2,6.4,0,0,1,0,0,0,1,0,0,0,0,0,0,0,0,0
High Rise,4.8,0,0,1,0,0,0,0,0,0,0,0,0,0,0,0,0
All the World's a Stage,7.8,0,1,1,0,0,0,1,0,0,0,0,0,0,0,0,0
Episode #2.10,8.4,0,1,0,0,0,0,1,0,0,0,0,0,0,0,0,0
Deadliest Weapons,7.7,0,0,0,0,0,0,0,0,0,0,1,0,0,0,1,0
Shopping Mall Jihad,3.3,1,0,0,0,0,0,0,0,0,0,0,0,1,0,0,0
A Dark Room,9.4,0,0,1,1,0,0,0,0,0,0,0,0,0,0,0,0
Glückliche Zeit in Travemünde,8.2,0,0,1,0,0,0,0,0,0,0,0,0,0,0,0,0
Pushing the Limits,8.8,0,0,1,0,0,0,0,0,0,0,0,0,0,0,0,0
Sonic R,5.3,1,0,0,0,1,0,0,0,0,0,0,1,0,1,0,0
Metallica Through the Never,7.1,0,0,0,0,0,0,0,1,0,0,0,0,0,0,0,0
Sioux City,6.3,0,1,0,0,0,0,0,0,0,0,0,0,1,0,0,0
Lost & Found,7.0,0,0,1,0,0,0,0,0,0,0,0,1,0,0,0,0
ProGamer,6.0,0,0,1,0,0,0,0,0,0,0,1,0,0,0,1,0
Cold Hard Toenails/Attack of the Blobs,7.5,0,1,0,1,0,0,0,0,1,0,0,1,0,1,0,0
Notwendige Lehrjahre,5.8,0,0,0,0,0,0,0,0,0,0,1,0,0,0,0,0
Star Stories,8.8,0,1,0,0,0,0,0,0,0,0,0,0,0,0,0,0
Let's Pretend,8.1,0,0,0,0,0,0,0,0,0,0,1,0,0,0,1,0
Le sphinx,6.8,0,0,0,0,0,0,0,0,0,0,1,0,0,0,0,0
American Dreamer: The High Adventures of a Card-Counting Low Roller,7.0,0,0,1,0,0,0,0,0,0,0,0,0,0,0,0,0
Episode #2.6,8.6,0,0,1,0,0,0,0,0,0,0,0,0,1,0,0,0
Zielscheibe,6.8,0,0,1,1,0,1,0,0,0,0,0,0,1,0,0,0
Pistols,7.5,1,0,0,0,0,0,0,0,0,0,1,0,0,0,1,0
Mammy Swings,8.1,0,1,0,0,0,0,0,0,0,0,0,0,0,0,0,0
Rencontre avec le docteur Freud,6.4,0,1,0,1,0,1,0,0,0,1,0,0,0,0,0,0
Franky ikka to Iceberg san!,7.6,1,1,1,0,0,0,0,0,1,1,0,0,0,1,0,0
Santa,6.2,0,0,1,0,0,0,1,0,0,0,0,0,0,0,0,0
Dvenadtsataya noch,7.4,0,1,1,0,0,0,1,0,0,0,0,0,0,0,0,0
Geld,5.3,0,0,1,0,0,0,0,0,0,0,0,1,0,0,0,0
Episode #2.7,6.2,0,1,0,0,0,0,0,0,0,0,0,0,0,0,0,0
Jacked Up,5.8,0,0,1,1,0,0,0,0,0,0,0,0,1,0,0,0
Rocket Squad/By Word of Mouse/West of the Pesos,7.1,0,1,0,0,0,0,0,0,1,0,0,0,0,0,0,0
Der Fahrgast und das Mädchen,6.3,0,0,0,0,0,0,0,0,0,0,0,0,1,0,0,0
White Chicks,5.8,0,1,0,0,0,0,0,0,0,0,0,0,1,0,0,0
Private Lessons II,3.8,0,1,1,0,0,0,1,0,0,0,0,0,0,0,0,0
Evolution of the Species: Predators Reborn,6.9,0,0,0,0,0,0,0,0,0,0,1,0,0,0,0,0
An Angry Nerd Christmas Carol: Part 1,7.3,1,1,0,0,1,0,0,0,0,0,0,0,0,1,0,0
Episode #1.3,7.3,0,1,0,0,0,0,0,0,0,0,0,0,0,0,0,0
Shergar,4.2,0,0,1,0,0,0,0,0,0,0,0,0,0,0,0,0
Mechanical Mayhem: Part 1,6.8,1,0,0,0,0,0,0,0,1,1,0,1,0,1,0,0
Naughty Nannies,5.4,0,1,0,0,0,0,1,0,0,0,0,0,0,0,0,0
Andy Warhol's Frankenstein,6.8,0,1,0,0,0,0,0,0,0,0,0,0,0,0,0,0
Halo,8.0,0,0,0,0,0,0,1,0,0,0,0,0,0,1,0,0
The Return,7.2,0,0,0,0,0,1,0,0,0,0,0,0,0,0,0,0
Muscling In,7.2,0,1,0,0,0,0,0,0,0,1,0,1,0,0,0,0
Pour l'amour de Doug Doug,7.2,0,1,0,0,0,0,1,0,0,0,0,0,0,0,0,0
Hatimtai,7.2,0,0,0,0,0,0,0,0,0,1,0,0,0,1,0,0
Episode #7.2,8.8,0,1,0,0,0,0,0,0,0,0,0,0,0,0,0,0
Begynnelsen på en historie,6.1,0,0,1,0,0,0,0,0,0,0,0,1,0,0,0,0
North of 60,8.4,0,0,1,0,0,1,0,0,0,0,0,0,1,0,0,1
The Ghostwriter,6.8,0,1,0,1,0,0,0,0,1,0,0,0,0,1,0,0
Episode #3.19,8.1,0,0,1,0,0,1,0,0,0,0,0,0,1,0,0,0
No Apologies,5.8,0,0,1,0,0,0,0,0,0,0,0,0,0,0,0,0
The Enemy Within,7.2,0,0,0,0,0,0,0,0,0,0,1,0,1,0,0,0
Turin: La duchesse d'Aoste à l'exposition,5.1,0,0,0,0,0,0,0,0,0,0,1,0,0,0,0,0
Object Impermanence,7.3,0,1,1,0,0,0,0,0,0,0,0,0,1,0,0,0
Sexless,5.5,0,1,0,0,0,0,1,0,0,0,0,0,0,0,0,0
Vae soli!: Les fruits d'hiver,8.1,0,1,0,0,0,0,0,0,0,1,0,0,0,1,0,0
Polska Kronika Non-Camerowa nr 4 1982. Wydanie B,6.7,0,0,0,0,0,0,0,0,1,0,0,0,0,0,0,0
Say It Ain't Solo,7.5,0,1,0,0,0,0,0,0,0,0,0,0,0,0,0,0
Qué pelo más guay,4.8,0,1,0,0,0,0,0,0,0,0,0,0,0,0,0,0
The Paradigm,9.1,1,0,0,0,1,0,0,0,0,1,0,0,0,0,0,0
Qatil Bawarchi,7.2,0,1,1,1,0,1,0,0,0,0,0,0,1,0,0,0
Lost Ring,8.4,0,0,0,0,0,0,0,0,1,0,0,1,0,0,0,0
George Washington,7.2,0,0,1,0,0,0,0,0,0,0,0,0,0,0,0,0
Tien Shinhan vs. Jackie Chun,8.0,1,0,0,0,1,0,0,0,1,1,0,0,0,1,0,0
A Day's Work,6.6,0,0,1,0,0,0,0,0,0,0,0,0,0,0,0,0
Station Jim,7.0,0,0,1,0,0,0,1,0,0,0,0,0,0,0,0,0
Psycho Sheep of Butte,7.8,0,0,0,0,1,0,0,0,0,0,0,0,0,0,0,0
Planes: Fire & Rescue,5.9,0,1,0,0,0,0,0,0,1,1,0,1,0,0,0,0
It's Raining,6.5,1,0,1,0,0,0,0,0,1,0,0,0,0,0,0,0
Shadows in the Sun,6.6,0,1,1,0,0,0,1,0,0,0,0,0,0,0,0,0
Pleasurecraft,4.1,0,1,0,0,1,0,1,0,0,1,0,0,0,0,0,0
Karate Fighter Monday,6.2,1,0,0,0,0,0,0,0,0,0,0,0,0,0,0,0
Space Marines,3.7,1,0,0,0,1,0,0,0,0,0,0,0,0,0,0,0
Rebel with a Claus,7.9,0,1,0,0,0,0,0,0,1,0,0,0,0,0,0,0
Kime Guvenecegini Iyi Dusun,6.6,0,0,1,0,0,0,0,0,0,0,0,0,1,0,0,0
Taking Lives,6.2,0,0,0,1,0,1,0,0,0,0,0,0,1,0,0,0
Painkiller,7.6,0,0,1,0,0,1,0,0,0,0,0,0,1,0,0,0
Increase and Multiply,6.7,0,1,0,0,0,0,0,0,0,0,0,0,0,0,0,0
Deciding Match! Vs Regice!!,8.2,1,1,0,0,1,0,0,0,1,1,0,1,0,1,0,0
True Blue,6.2,0,0,1,0,0,0,0,0,0,0,0,0,0,0,0,0
Verbo,4.6,0,0,0,0,0,0,0,0,0,1,0,0,0,1,0,0
Justin Bieber Abducted by Aliens: Never Say Never Parody,7.1,0,1,0,0,0,0,0,0,0,0,0,0,0,0,0,0
Milkbar,6.3,0,0,0,0,0,0,0,0,0,0,1,0,0,0,0,0
Comment j'ai accepté ma place parmi les mortels,8.6,0,1,0,0,0,0,0,0,0,0,0,0,0,0,0,0
Fan of the Dead,5.9,0,0,0,0,0,0,0,0,0,0,1,0,0,0,0,0
Goose Feather,6.6,0,0,1,0,0,0,1,0,0,0,0,0,0,0,0,0
Hands of Justice,5.8,1,0,0,1,0,0,0,0,0,0,0,0,0,0,0,0
Der Ruf der Berge - Schatten der Vergangenheit,4.9,0,0,1,0,0,0,0,0,0,0,0,0,0,0,0,0
Tenacious D: The Complete Masterworks,8.5,0,1,0,0,0,0,0,1,0,0,1,0,0,0,0,0
Double Dibs,7.1,0,0,1,1,0,1,0,0,0,0,0,0,0,0,0,0
Perlman in Russia,7.0,0,0,0,0,0,0,0,1,0,0,1,0,0,0,0,0
The Aftermath,7.4,0,0,1,0,0,0,0,0,0,0,0,0,0,0,0,0
What Men Think,7.5,0,0,1,0,0,0,0,0,0,0,0,0,0,0,0,0
Castlevania II: Simon's Quest,7.7,1,1,0,0,1,0,0,0,0,0,0,0,0,1,0,0
Tusen och en natt (jävla sköna män),6.4,0,0,0,0,0,0,0,0,0,0,1,0,0,0,0,0
Evil Shadow,7.8,0,0,0,0,0,0,0,0,0,1,1,0,0,0,0,0
Don't Leave Me This Way,6.4,0,0,0,0,0,1,0,0,0,0,0,0,0,0,0,0
Newenas weite Reise,5.2,0,0,1,0,0,0,0,0,0,0,0,1,0,0,0,0
Hancinin kizi,3.7,0,0,1,0,0,0,1,0,0,0,0,0,0,0,0,0
Ben Bernie and His Orchestra,6.1,0,1,0,0,0,0,0,1,0,0,0,0,0,0,0,0
Live Results Show 6,7.0,0,0,0,0,0,0,0,1,0,0,1,0,0,0,0,0
Never Again! The Story of a Speeder Cop.,4.6,0,1,0,0,0,0,0,0,1,0,0,0,0,0,0,0
What a Girl Wants: Part 2,8.0,0,0,1,0,0,0,1,0,0,0,0,0,0,0,0,0
Parodius! From Myth to Laughter,8.5,1,1,0,0,1,0,0,0,0,0,0,1,0,1,0,0
Bo Knows Bo,7.7,0,0,0,0,0,0,0,0,0,0,1,1,0,0,0,0
Minnesota Ice Driving,6.7,0,0,0,0,0,0,0,0,0,0,1,0,0,0,0,0
Crystal Force 2: Dark Angel,3.9,0,0,0,1,0,0,0,0,0,0,0,0,0,0,0,0
Episode #9.67,10.0,0,0,0,0,0,0,0,0,0,0,1,0,0,0,0,0
Motel Cactus,5.1,0,1,1,0,0,0,1,0,0,0,0,0,0,0,0,0
"Buddy, Can You Spare a Dime?",6.8,0,1,0,0,0,0,1,0,0,0,0,0,0,0,0,0
Snow Job,6.0,0,1,0,0,0,0,0,0,1,1,0,0,1,0,0,0
Disney's Dream Weddings,7.6,0,0,0,0,0,0,0,0,0,0,1,0,0,0,0,0
Flying Fists,5.6,0,1,0,0,0,0,0,0,1,0,0,0,0,0,0,0
Hamara Tiranga,6.4,1,0,1,0,0,0,0,0,0,1,0,0,0,0,1,0
Who Is the Patron Saint of Motherhood?,8.4,0,1,1,0,0,0,0,0,0,0,0,0,0,0,0,0
Maniyan Pillai Athava Maniyan Pillai,6.3,0,1,0,0,0,0,0,0,0,0,0,0,0,0,0,0
Fall Into Darkness,7.2,1,1,0,0,0,0,0,0,0,1,0,0,0,1,0,0
Não És Homem Não És Nada,7.4,0,1,0,0,0,0,0,0,0,0,0,0,0,0,0,0
Bad to the Bee,6.9,0,1,0,0,0,0,0,0,1,0,0,1,0,0,0,0
Yakshiyum Njanum,3.1,0,0,1,1,0,0,0,0,0,0,0,0,0,0,0,0
Ingen utväg,7.9,0,0,1,0,0,0,0,0,0,0,0,0,0,0,0,0
Kontrollverlust,6.5,0,0,1,0,0,0,0,0,0,0,0,0,1,0,0,0
Episode #1.39,6.1,0,1,0,0,0,0,0,0,0,0,0,0,0,0,0,0
Is It Just Me?,6.2,0,1,0,0,0,0,1,0,0,0,0,0,0,0,0,0
Goa Dalli CID 999,8.7,0,0,0,1,0,0,0,0,0,0,0,0,1,0,0,0
Ayyappante Amma Neyyappam Chuttu,7.5,0,0,0,0,0,0,0,1,0,0,0,0,0,0,0,0
Ygraerio,7.7,0,0,1,0,0,0,0,0,0,0,0,0,0,0,0,0
Book of the Heart: Part 1,7.1,0,0,1,0,0,0,0,0,0,0,0,0,0,0,0,0
Beware of Greeks... Bearing Guns,5.5,0,1,1,0,0,0,1,0,0,0,0,0,0,0,0,0
Impact is imminent,6.3,1,0,0,0,0,0,0,0,0,0,0,0,0,0,0,0
Skateboard Spud,6.7,0,1,0,0,0,0,0,0,1,0,0,1,0,0,0,0
La calle grita,7.4,0,0,1,0,0,0,0,0,0,0,0,0,0,0,0,0
Not Monday Night Football XXX,6.5,0,1,0,0,0,0,0,0,0,0,0,0,0,0,0,0
Tomorrow Will Be Better,7.1,0,0,1,0,0,0,0,0,0,1,0,0,0,0,0,0
Tricks of the Trade,8.0,0,1,1,0,0,0,0,0,0,0,0,0,0,0,0,0
Where the Wild Things Are,6.8,0,0,0,0,0,0,0,0,0,0,1,0,0,0,0,0
Joséphine,5.8,0,1,0,0,0,0,1,0,0,0,0,0,0,0,0,0
Kaynanalar,6.9,0,1,0,0,0,0,0,0,0,0,0,0,0,0,0,0
Il torcinaso,5.6,1,0,0,0,0,0,0,0,0,0,0,0,0,0,0,0
Lady Gaga: One Sequin at a Time,6.7,0,0,0,0,0,0,0,1,0,0,1,0,0,0,0,0
Unidentified,4.1,0,1,0,1,1,0,0,0,0,0,0,0,0,0,0,0
Naughty by Nature,7.7,0,1,0,0,0,0,0,1,0,0,0,1,0,0,0,0
Chain Link,6.5,0,0,1,0,0,0,0,0,0,0,0,0,0,0,0,0
Namida no ato ni mô ichido,7.0,0,1,1,0,0,0,1,0,1,0,0,0,0,1,0,0
Put Your Feet in Our Hands,7.5,0,1,0,0,0,0,0,0,0,0,0,1,0,0,0,0
The Blue Beast,6.5,0,0,1,0,0,0,0,0,0,0,0,0,0,0,0,0
The Writing on the Wall,7.0,0,0,0,1,0,0,0,0,0,0,0,0,0,0,0,0
Merida and Campeche,6.1,0,0,0,0,0,0,0,0,0,0,1,0,0,0,0,0
Thanksgiving,6.8,0,1,0,0,0,0,0,0,1,0,0,0,0,0,0,0
Enemy at the Gates: Through the Crosshairs,7.3,0,0,0,0,0,0,0,0,0,0,1,0,0,0,0,0
The Empire,6.8,0,0,1,1,0,0,0,0,0,0,0,0,0,0,0,0
Vikingland,6.4,0,0,0,0,0,0,0,0,0,0,1,0,0,0,0,0
Iz dnevnikov Yona Tikhogo. Puteshestvie na Interopiyu.,6.4,0,1,0,0,1,0,0,0,1,0,0,1,0,0,0,0
Leonie Löwenherz,5.4,0,0,0,0,0,0,0,0,0,0,0,1,0,0,0,0
Pilot,8.2,0,0,1,1,0,1,0,0,0,0,0,0,1,0,0,0
Future I Am,5.3,0,0,1,1,1,1,0,0,0,1,0,0,0,1,0,0
Ballada o Piotrowskim,7.8,0,1,1,0,0,0,0,0,0,0,0,0,0,0,0,0
Women Without Men,5.5,0,0,1,0,0,0,1,0,0,0,0,0,0,0,0,0
Intersections: The Making of 'Rendition',6.1,0,0,0,0,0,0,0,0,0,0,1,0,0,0,0,0
Moon Sun Flower Game: A True Fairytale,8.6,0,0,0,0,0,0,0,0,0,0,1,0,0,0,0,0
Don't Kill,7.9,0,0,0,1,0,0,0,0,0,0,0,0,0,0,0,0
Episode #3.36,7.0,0,0,0,0,0,1,0,0,0,0,0,0,0,0,0,0
The Stranger,4.8,1,0,0,0,0,0,0,0,0,0,0,0,0,0,0,0
Games,6.8,0,1,1,0,0,0,0,1,0,0,0,1,0,0,0,0
The First Motion Picture Unit,4.9,0,0,0,0,0,0,0,0,0,0,1,0,0,0,1,0
Triple H invades Randy Orton's House,8.3,1,0,0,0,0,0,0,0,0,0,0,0,0,0,0,0
The Lingo Show,8.3,0,0,0,0,0,0,0,0,1,0,0,1,0,0,0,0
Pocong Kesetanan!,4.8,0,1,0,1,0,0,0,0,0,0,0,0,0,0,0,0
Beyond the Universe,3.3,0,0,0,0,1,0,0,0,0,0,0,0,0,0,0,0
Moon Units,6.8,0,0,0,0,1,0,0,0,1,0,0,1,0,0,0,0
Episode #8.5,6.9,0,1,0,0,0,0,0,0,0,0,0,0,0,0,0,0
Chapter XII,7.8,0,0,1,0,0,0,0,0,0,0,0,0,0,0,0,0
The Candy House the Witch Lives In,6.9,1,1,1,0,1,1,1,0,1,0,0,0,1,0,0,0
Episode #1.18,6.5,0,0,1,0,0,0,1,0,0,0,0,0,0,0,0,0
The End of Misery's,6.8,0,0,1,0,0,0,0,0,0,0,0,0,0,1,0,0
The Destiny of Lesser Animals,7.9,0,0,1,0,0,0,0,0,0,0,0,0,1,0,0,0
Dug Up,4.8,0,1,0,1,0,0,0,0,0,0,0,0,0,0,0,0
Cabaret Balkan,7.7,0,1,1,0,0,0,0,0,0,0,0,0,0,0,0,0
Gloommates,8.6,0,1,0,1,0,0,0,0,1,0,0,1,0,0,0,0
Taking the Wheel,6.8,0,1,0,0,0,0,0,0,0,0,0,0,0,0,0,0
The Painted Woman,7.2,0,0,1,0,0,0,0,0,0,0,0,0,0,0,0,0
Ungrateful,8.2,0,0,1,1,0,0,0,0,0,0,0,0,0,0,0,0
Beneath a Steel Sky,8.1,0,0,0,0,1,0,0,0,0,1,0,0,0,0,0,0
Blowback,4.7,0,0,0,1,0,0,0,0,0,0,0,0,0,0,0,0
Doug's Minor Catastrophe,8.2,0,1,0,0,0,0,0,0,1,0,0,1,0,1,0,0
Atlantic,5.2,0,0,1,0,0,0,0,0,0,0,0,0,0,0,0,0
"Purgatory, Inc.",8.6,0,1,0,0,0,0,0,0,0,0,0,0,0,1,0,0
Marido de Mulher Boa,7.1,0,1,0,0,0,0,1,0,0,0,0,0,0,0,0,0
Brownsville: Black Magic,9.6,0,0,0,0,0,0,0,0,0,0,1,0,1,0,0,0
My Daughter Is Losing Her Mind,8.6,0,0,0,0,0,0,0,0,0,0,1,0,0,0,0,0
The Whirlpool,9.8,0,1,0,0,0,0,0,0,0,0,0,0,0,0,0,0
Ivasik-telesik,7.2,0,0,0,0,0,0,0,0,1,0,0,1,0,1,0,0
Hollywood Rhythm,6.8,0,0,0,0,0,0,0,1,0,0,0,0,0,0,0,0
Hedonist Hypnotist,4.1,0,0,1,0,0,0,0,0,0,0,0,0,0,0,0,0
Strike,5.0,0,0,1,1,0,0,0,0,0,0,0,0,0,0,0,0
12 corazones: Rumbo al altar,3.7,0,0,0,0,0,0,1,0,0,0,0,0,0,0,0,0
Adventures of Bunny Rabbit,4.7,0,0,0,0,0,0,0,0,0,0,1,0,0,0,0,0
Trench Town: The Forgotten Land,7.5,1,0,0,0,0,0,0,0,0,0,1,0,0,0,0,0
Ligne 208,4.7,0,0,1,0,0,0,0,0,0,0,0,0,0,0,0,0
Blood and Sand,7.5,0,0,1,1,0,1,0,0,0,0,0,0,1,0,0,0
Crazy About Them,5.2,0,1,0,0,0,0,0,0,0,0,0,0,0,0,0,0
Lovely Yellow Color,5.9,0,0,1,0,0,0,0,0,0,0,0,0,0,0,0,0
Live Show 6,6.6,0,0,0,0,0,0,0,1,0,0,1,0,0,0,0,0
Latinos Beyond Reel,6.8,0,0,0,0,0,0,0,0,0,0,1,0,0,0,1,0
The Mediocre Samaritan,8.0,0,1,0,0,0,0,0,0,0,0,0,0,0,0,0,0
Das Halbfinale,2.6,0,0,0,0,0,0,0,1,0,0,0,0,0,0,0,0
Crook: It's Good to Be Bad,5.1,1,0,1,1,0,0,0,0,0,0,0,0,0,0,0,0
The Third,9.3,1,0,1,1,1,1,0,0,0,1,0,0,0,0,0,0
Russell's Father's Son,7.1,0,1,0,0,0,0,1,0,0,0,0,0,0,0,0,0
El motamarreda,6.5,0,1,0,0,0,0,0,0,0,0,0,0,0,0,0,0
El último amor en Tierra del Fuego,5.5,0,0,1,0,0,0,0,0,0,0,0,0,0,0,0,0
À la vue à la mort,6.1,0,0,1,0,0,1,0,0,0,0,0,0,1,0,0,0
Villon la cour des miracles,6.0,0,1,0,0,0,0,0,0,1,1,0,0,0,1,0,0
"Zwei Frauen, ein Mann und ein Baby",5.3,0,1,0,0,0,0,0,0,0,0,0,0,0,0,0,0
Valea Corlatului,7.4,0,0,1,0,0,0,0,0,0,0,1,0,0,0,0,0
Battle of the Network Stars II,7.3,0,0,0,0,0,0,0,0,0,0,0,1,0,0,0,0
Bionik Ali: Futbolcu,4.4,0,1,0,0,0,0,0,0,0,0,0,0,0,0,0,0
Killing of Sister Dot,6.6,0,1,0,0,0,0,0,0,0,0,0,0,0,0,0,0
An Inconvenient Penguin,7.5,0,1,0,0,0,0,0,0,0,0,0,0,0,0,0,0
Adrian,6.8,0,0,1,0,0,0,1,0,0,0,0,0,0,0,0,0
The Gracie Code: Part 2,7.9,0,1,1,0,0,0,1,0,0,1,0,1,0,1,0,0
Rice Paper Stars,9.2,0,1,1,0,0,0,0,0,0,0,0,0,0,0,0,0
Blackwater Trail,5.3,1,0,0,1,0,0,0,0,0,0,0,0,0,0,0,0
Perihan Abla,7.7,0,1,0,0,0,0,1,0,0,0,0,0,0,0,0,0
Episode #1.6,8.0,0,0,1,0,0,0,1,0,0,0,0,0,0,0,0,0
Rajavinte Makan,7.7,1,0,1,1,0,0,0,0,0,0,0,0,1,0,0,0
Naz: The Little Prince the Big Fight,6.9,0,0,0,0,0,0,0,0,0,0,1,0,0,0,0,0
History of the World in 2 Hours,7.0,0,0,0,0,0,0,0,0,0,0,1,0,0,0,1,0
El hombre y la tierra: Serie ibérica,8.6,0,0,0,0,0,0,0,0,0,0,1,0,0,0,0,0
"Una tubería podrida, un chatarrero conceptual y el primer montepinariano puro",7.2,0,1,0,0,0,0,0,0,0,0,0,0,0,0,0,0
Un certain Monsieur Jo,6.8,0,0,0,0,0,0,0,0,0,0,0,0,1,0,0,0
Die zertanzten Schuhe,5.8,0,0,0,0,0,0,0,0,0,0,0,1,0,1,0,0
Das Gelbe vom Ei,6.0,0,1,0,0,0,0,0,0,0,0,0,0,0,0,0,0
"Fine, Totally Fine",6.9,0,1,0,0,0,0,1,0,0,0,0,0,0,0,0,0
Voyage of Terror: The Achille Lauro Affair,6.1,0,0,1,1,0,0,0,0,0,0,0,0,0,0,1,0
The Barber,5.7,0,0,0,1,0,1,0,0,0,0,0,0,1,0,0,0
Desperate Search,7.3,0,0,1,0,0,0,0,0,0,1,0,1,0,0,0,0
Thunderbolt,7.8,1,0,0,0,0,0,0,0,0,0,1,0,0,0,1,0
Petka s hvezdickou,7.1,0,1,0,0,0,0,0,0,0,0,0,1,0,0,0,0
Linda Godiva,7.4,0,1,0,0,0,0,0,0,0,0,0,1,0,1,0,0
Adosados,5.8,0,0,1,0,0,0,0,0,0,0,0,0,0,0,0,0
All Hell Broke Loose,2.2,0,0,1,0,0,0,0,0,0,0,0,0,0,0,0,1
Sauna on Moon,5.7,0,0,1,0,0,0,0,0,0,0,0,0,0,0,0,0
A Tragic Assembly,7.9,0,1,0,0,0,0,0,0,0,0,0,0,0,0,0,0
Tom Stone,7.3,1,0,1,1,0,0,0,0,0,0,0,0,0,0,0,0
What Goes Around/Mask of the Raccoon,7.7,1,1,0,0,1,0,0,0,1,1,0,1,0,0,0,0
201 Belmont,7.2,0,0,0,1,0,1,0,0,0,0,0,0,0,0,0,0
Anxious Sunday,6.3,1,0,1,0,0,0,0,0,0,0,0,0,0,0,0,0
Os anos JK - Uma Trajetória Política,7.6,0,0,0,0,0,0,0,0,0,0,1,0,0,0,0,0
In Search of Bigfoot,5.0,0,0,0,0,0,0,0,0,0,0,1,0,0,0,0,0
Wrong Number,9.6,1,0,0,0,1,0,0,0,1,0,0,1,0,0,0,0
Disease,7.8,0,0,0,0,0,0,0,0,0,0,1,0,0,0,1,0
Meerkats 3D,7.1,0,0,0,0,0,0,0,0,0,0,1,0,0,0,0,0
The Legend of El Diablo,5.0,0,0,0,1,0,0,0,0,0,0,0,0,0,0,0,0
The Victims,5.0,0,0,0,1,0,0,0,0,0,0,0,0,1,0,0,0
Kizil Maske,5.6,0,0,0,0,0,0,0,0,0,1,0,0,1,1,0,0
Sex and the Suburbs,7.2,0,1,0,0,0,0,0,0,0,0,0,0,0,0,0,0
The Autism Enigma,7.2,0,0,0,0,0,0,0,0,0,0,1,0,0,0,0,0
Singles Only,8.0,0,1,0,0,0,0,0,0,0,0,0,0,0,0,0,0
The Rise and Fall of the Clash,6.2,0,0,0,0,0,0,0,0,0,0,1,0,0,0,0,0
Ozu no kuni no kari ire,7.0,0,0,0,0,0,0,0,0,1,1,0,1,0,1,0,0
Jimmy's Story,7.9,0,0,1,0,0,0,0,0,0,0,0,0,1,0,0,0
Episode #2.1,7.8,0,1,0,0,0,0,0,0,0,0,0,0,0,0,0,0
Waiting to Exhale,8.4,0,1,0,0,0,0,0,0,0,0,0,0,0,0,0,0
Shemesh,6.4,0,1,0,0,0,0,0,0,0,0,0,0,0,0,0,0
Episode #1.3471,6.1,0,0,1,0,0,0,1,0,0,0,0,0,1,0,0,0
Der Fischer Gorian,6.4,0,0,0,0,0,0,0,0,0,1,0,0,0,0,0,0
Kondaveeti Simham,6.6,1,0,1,0,0,0,0,0,0,0,0,1,0,0,0,0
Dragon Ball Z,7.3,0,1,0,0,0,0,0,0,0,0,0,0,0,0,0,0
The Ultimate Sacrifice,7.5,0,0,1,0,0,0,0,0,0,0,0,0,0,0,0,0
On the Trail of Ed Wood,4.0,0,0,0,0,0,0,0,0,0,0,1,0,0,0,0,0
Good to Go,7.5,0,1,0,0,0,0,1,0,0,0,0,0,0,0,0,0
Pokemon: Pikachu's Rescue Adventure,5.8,0,0,0,0,0,0,0,0,1,1,0,1,0,1,0,0
Episode #7.8,10.0,0,0,0,0,0,0,0,0,0,1,1,0,0,0,0,0
Mowgli: Legend of the Jungle,6.5,1,0,1,0,0,0,0,0,0,1,0,0,0,1,0,0
Trouble with Sex,5.1,0,0,1,0,0,0,1,0,0,0,0,0,0,0,0,0
Le pavillon des écorchés,8.4,0,0,0,1,0,0,0,0,0,0,0,0,0,0,0,0
Jeunesse dorée,6.2,0,0,1,0,0,0,0,0,0,0,0,0,0,0,0,0
Momok Jangan Panggil Aku,5.2,0,0,0,1,0,0,0,0,0,0,0,0,0,0,0,0
Michelle/Troy & Josh,8.5,0,0,0,0,0,0,0,0,0,0,1,0,0,0,0,0
Future War,4.9,0,0,1,0,1,0,0,0,0,0,0,0,0,0,0,0
Paganini Strikes Again,6.1,0,0,0,0,0,1,0,0,0,0,0,1,0,0,0,0
Try Honesty: Part 1,7.5,0,0,1,0,0,0,1,0,0,0,0,0,0,0,0,0
Episode #1.6,9.9,0,0,1,0,0,0,1,0,0,0,0,0,0,0,0,0
The Gambler,6.3,0,0,1,0,0,0,1,0,0,0,0,0,0,0,0,0
Red Queen,8.5,0,0,1,1,0,1,0,0,0,0,0,0,1,0,0,0
Bosco d'amore,4.8,0,0,1,0,0,0,1,0,0,0,0,0,0,0,0,0
Episode #1.1,8.3,0,0,1,0,0,0,1,0,0,0,0,0,0,0,0,0
Detective Conan: Countdown to Heaven,7.6,1,0,1,1,0,1,0,0,1,0,0,0,1,0,0,0
Episode #1.3,4.1,0,0,1,0,0,0,1,0,0,0,0,0,0,0,0,0
Sobre Códigos y Reglas,7.8,1,0,1,1,0,0,0,0,0,0,0,0,1,0,0,0
Stepenice hrabrosti,5.2,1,0,0,0,0,0,0,0,0,0,0,0,0,0,0,0
Addicted to Plastic,7.4,0,0,0,0,0,0,0,0,0,0,1,0,0,0,0,0
Jim Gaffigan: King Baby,7.7,0,1,0,0,0,0,0,0,0,0,0,0,0,0,0,0
"Juliana, prinses van Oranje",7.2,0,0,1,0,0,0,0,0,0,0,0,0,0,0,0,0
From the Midst of Pain,8.7,0,0,1,0,0,0,0,0,0,0,1,0,0,0,0,0
Hit the Jackpot,4.6,0,1,0,0,0,0,0,0,0,0,0,0,0,0,0,0
The Midnight Sun,6.9,0,0,1,0,0,0,0,0,0,0,0,0,0,0,0,0
Adventure One: Part 4,5.7,0,0,0,0,0,0,0,0,0,1,0,0,0,0,0,0
Pedro infante vive?,6.7,0,0,1,0,0,1,1,0,0,0,0,0,0,0,0,0
Hunter Country,7.1,0,0,1,0,0,0,0,0,0,0,0,0,0,0,0,0
Pikmin,8.1,1,0,0,0,1,0,0,0,0,1,0,1,0,0,0,0
Follow That Horse!,5.6,0,1,0,0,0,0,0,0,0,0,0,0,0,0,0,0
Making Fiends,8.6,0,1,0,0,0,0,0,0,1,0,0,0,0,1,0,0
Tribes,8.1,0,0,1,0,0,0,0,0,0,0,0,0,0,0,0,0
Cosas de mujer,5.6,0,1,0,0,0,0,0,0,0,0,0,0,0,0,0,0
Places Other People Have Lived,7.7,0,0,1,0,0,0,0,0,1,0,1,0,0,0,0,0
A Single Man,7.5,0,0,1,1,0,0,1,0,0,0,0,0,0,0,0,0
Episode #1.1,8.2,0,0,1,0,0,0,0,0,0,0,0,0,0,0,0,0
Rod Serling: Beyond the Twilight Zone,7.0,0,0,0,0,0,0,0,0,0,0,1,0,0,0,0,0
Surf's Up,9.8,0,0,0,0,0,0,0,0,0,0,1,1,0,0,0,0
Frank's Girl,7.5,0,1,0,0,0,0,0,0,0,0,0,0,0,0,0,0
French Doll,6.9,0,0,0,1,0,1,0,0,0,0,0,0,1,0,0,0
Endgame,7.0,1,0,0,0,1,0,0,0,0,0,0,0,0,0,0,0
Dan and Dee Have a Lot in Common,8.1,0,0,1,0,0,0,0,0,0,0,0,0,0,0,0,0
Key of Life,7.3,0,1,1,0,0,0,1,0,0,0,0,0,1,0,0,0
Jack and Jill,7.3,0,1,0,0,0,0,0,0,0,0,0,0,0,0,0,0
The Breeder,3.5,0,0,0,1,0,0,0,0,0,0,0,0,0,0,0,0
Kadhal Desam,6.7,0,1,1,0,0,0,1,0,0,0,0,0,0,0,0,0
BBC Future Generations,7.4,0,0,0,0,0,0,0,0,1,0,0,1,0,0,0,0
Gauri Ganesha,8.4,0,1,1,0,0,0,0,0,0,0,0,0,0,0,0,0
Günah Bende mi,5.8,0,0,1,0,0,0,1,0,0,0,0,0,0,0,0,0
Episode #10.34,6.9,0,1,0,0,0,0,0,0,0,0,0,0,0,0,0,0
Rusty Drives a Car,8.0,0,1,0,0,0,0,0,0,0,0,0,1,0,0,0,0
Episode #1.10,6.0,0,0,1,0,0,0,0,0,0,0,0,0,0,0,0,0
Episode #4.7,6.8,0,1,0,0,0,0,0,0,0,0,0,0,0,0,0,0
Mr_Right_22,6.3,0,1,0,0,0,0,0,0,0,0,0,0,0,0,0,0
Escape from Women's Prison,5.0,1,0,1,0,0,0,0,0,0,0,0,0,1,0,0,0
Les cinq gentlemen maudits,6.7,0,0,1,0,0,0,0,0,0,0,0,0,0,0,0,0
The Call of Siva,6.7,0,0,1,0,0,1,0,0,0,0,0,0,1,0,0,0
Fast Money,5.7,1,0,0,0,0,0,1,0,0,0,0,0,1,0,0,0
Happy Together: All About My Dog,6.7,0,1,1,0,0,0,0,0,0,0,0,1,0,0,0,0
Horsefly Opera,5.4,0,1,0,0,0,0,0,0,1,0,0,0,0,0,0,0
Ozzie and Harriet: The Adventures of America's Favorite Family,6.8,0,0,0,0,0,0,0,0,0,0,1,0,0,0,1,0
Meguriau Mae no Sadame no Koi Uta (Kohen),7.7,1,1,1,0,0,0,1,0,1,1,0,0,0,1,0,0
Mahôtsukai monbi?,6.4,0,0,0,0,0,0,0,0,1,1,0,1,0,1,0,0
Aleksandr. Nevskaya bitva,4.8,1,0,0,0,0,0,0,0,0,0,0,0,0,0,1,0
The Heiress,4.5,0,1,0,0,0,0,0,0,0,0,0,0,0,0,0,0
The Monsters' Dinner,5.8,0,1,1,0,0,0,0,0,0,0,0,0,0,0,0,0
Immortal Grand Prix,7.6,0,0,0,0,1,0,0,0,1,1,0,0,0,0,0,0
Maira Kalman,7.6,0,1,0,0,0,0,0,0,0,0,0,0,0,0,0,0
Tsintty,7.8,0,0,1,0,0,0,0,0,0,0,0,0,0,0,0,0
Company of Heroes: Opposing Fronts,8.4,1,0,0,0,0,0,0,0,0,0,0,0,0,0,0,0
The Jill Mayfield Story,6.9,0,0,1,0,0,0,0,0,0,0,0,0,0,0,0,0
Don't Stop,2.7,0,0,0,1,0,0,0,0,0,0,0,0,0,0,0,0
8 Man,5.4,1,0,0,0,1,0,0,0,0,0,0,0,0,0,0,0
Corazón indomable,6.5,0,0,1,0,0,0,1,0,0,0,0,0,0,0,0,0
Hunger House,8.6,1,0,1,0,0,0,0,0,0,0,0,0,0,0,1,0
Is Harry on the Boat?,6.4,0,0,1,0,0,0,0,0,0,0,0,0,0,0,0,0
"Koh-Lanta, Bocas del Toro",6.8,0,0,0,0,0,0,0,0,0,1,0,0,0,0,0,0
Lion Warriors,8.2,0,0,0,0,0,0,0,0,0,0,1,0,0,0,0,0
Brensham People,7.2,0,0,1,0,0,0,0,0,0,0,0,0,0,0,1,0
The Man from Chicago: Part 2,8.3,1,1,1,0,1,1,1,0,1,0,0,0,1,0,0,0
Parkland,6.4,0,0,1,1,0,1,0,0,0,0,0,0,0,0,1,0
Short Sighted,6.5,1,0,1,0,0,0,1,0,0,1,0,0,1,0,0,0
Moonlight Serenade,7.3,0,0,1,0,0,0,1,0,0,0,0,0,0,0,0,0
Hello My Love,5.6,0,1,1,0,0,0,1,0,0,0,0,0,0,0,0,0
Der Fall der Generale,9.2,1,0,1,0,0,0,0,0,0,0,0,0,0,0,1,0
Roadkill: The Last Days of John Martin,6.0,0,0,0,1,0,0,0,0,0,0,0,0,0,0,0,0
Boomerang,6.4,0,0,0,0,0,0,0,0,0,0,1,0,0,0,0,0
Sardar Papa Rayudu,6.8,1,0,1,0,0,0,0,0,0,0,0,0,0,0,0,0
Then Comes Marriage,6.8,0,1,0,0,0,0,0,0,0,0,0,0,0,0,0,0
Matthew Blackheart: Monster Smasher,4.6,1,1,0,1,0,0,0,0,0,0,0,0,0,0,0,0
Rosyth to Hull,8.4,0,0,0,0,0,0,0,0,0,0,1,0,0,0,0,0
Cabo,7.2,0,0,1,0,0,0,0,0,0,0,0,0,0,0,0,0
Episode #6.6,5.6,0,0,0,0,0,0,1,0,0,0,0,0,0,0,0,0
"Always a Bridesmaid, Never Alive",8.0,0,0,1,1,0,0,0,0,0,0,0,0,0,1,0,0
Nos voisins les Marsupilamis,4.1,0,0,0,0,0,0,0,0,1,0,0,0,0,0,0,0
Everyone's Going to Die,6.7,0,0,1,0,0,0,0,0,0,0,0,0,0,0,0,0
Savage Justice,6.8,0,0,1,0,0,0,0,0,0,0,0,0,0,0,0,0
Double Jeopardy,5.4,0,0,1,1,0,0,0,0,0,0,0,0,0,0,0,0
Bir soförün gizli defteri,6.8,0,0,1,0,0,0,1,0,0,0,0,0,0,0,0,0
Kiddy Girl-and,7.4,1,1,0,0,1,0,0,0,1,1,0,0,0,0,0,0
Beyond Chaos,9.4,0,0,1,0,1,0,0,0,1,1,0,0,0,0,0,0
Apparitions,7.9,1,0,1,1,0,0,0,0,0,0,0,0,0,0,0,0
The Meaning of Life,8.2,0,0,0,0,0,0,0,0,0,0,1,0,0,0,0,0
Hit and Run,6.1,0,0,1,1,0,0,0,0,0,0,0,0,0,0,0,0
50 Shocking Facts About Diet + Exercise,5.3,0,0,0,0,0,0,0,0,0,0,1,0,0,0,0,0
The Most Powerful Eyeballs in West Yorkshire,7.7,0,1,0,0,0,0,0,0,0,0,0,0,0,0,0,0
Ma vie sans toi,7.2,0,0,0,1,0,0,0,0,0,0,0,0,1,0,0,0
Wavelength,5.4,0,0,1,0,0,0,0,0,0,0,0,0,0,0,0,0
If You Knew Sushi Like I Know Sushi,6.3,1,1,0,0,1,0,0,0,1,0,0,1,0,0,0,0
Spirits of the Fall,5.7,0,0,1,1,0,0,0,0,0,0,0,0,0,0,0,0
Attack the Block,6.7,1,1,0,1,1,0,0,0,0,1,0,0,0,0,0,0
Friend,5.4,1,0,0,0,0,0,0,0,0,0,0,0,1,0,0,0
America's Most Haunted Town,4.3,0,0,0,0,0,0,0,0,0,0,1,0,0,0,0,0
Dying to Belong,9.2,0,1,1,0,0,0,1,0,0,0,0,1,0,1,0,0
"What Now, My Love?",7.5,0,1,0,0,0,0,0,0,0,0,0,0,0,0,0,0
Der Tote im Fliess,7.5,0,0,1,1,0,1,0,0,0,0,0,0,1,0,0,0
Les femmes s'en balancent,5.7,1,0,1,0,0,1,0,0,0,0,0,0,1,0,0,0
Top 3 Perform,5.1,0,0,0,0,0,0,0,1,0,0,1,0,0,0,0,0
Behind Closed Doors,6.4,0,0,1,0,0,0,0,0,0,0,0,0,0,0,0,0
Not in Kansas Anymore,7.2,0,0,0,0,0,0,0,0,0,0,1,0,0,0,0,0
Die Schöpfung,6.7,0,1,0,0,0,0,0,1,1,0,0,0,0,1,0,0
The Zombinator,2.1,0,0,0,1,0,0,0,0,0,0,0,0,0,0,0,0
Del 1,6.2,0,1,1,0,0,0,0,0,0,0,0,0,0,0,0,0
The Fabulous Bagel Boys,7.7,0,1,0,0,0,1,0,0,0,0,0,0,1,0,0,0
"Wetten, dass..? aus Leipzig",8.1,0,1,0,0,0,0,0,1,0,0,0,0,0,0,0,0
Rückwärts laufen kann ich auch,7.9,0,0,1,0,0,0,0,0,0,0,0,1,0,0,0,0
Zach Stone Is Gonna Make a Sex Tape,8.4,0,1,0,0,0,0,0,0,0,0,0,0,0,0,0,0
Kathy Becomes a Girl,7.1,0,1,0,0,0,0,0,0,0,0,0,1,0,0,0,0
"Mt. Pelee Smoking Before Eruption (St. Pierre, Martinique)",4.6,0,0,0,0,0,0,0,0,0,0,1,0,0,0,0,0
Fly with the Gold,5.5,0,0,1,0,0,0,0,0,0,0,0,0,1,0,0,0
First Class Jerk,8.6,0,1,1,0,0,0,0,0,0,0,0,0,0,0,0,0
Enter Picasso,7.6,0,0,1,0,0,0,0,0,0,0,0,0,0,0,0,0
The Kink of the Campus,5.6,0,1,0,0,0,0,0,0,0,0,0,0,0,0,0,0
Destination Timbuktu,8.0,0,0,0,0,0,0,0,0,0,0,1,0,0,0,0,0
Sfora,6.6,0,0,0,0,0,0,0,0,0,0,0,0,1,0,0,0
Untold,6.9,0,0,1,0,0,0,0,0,0,0,0,0,0,0,0,0
El hombre que volvió de la muerte,6.7,0,0,1,1,1,1,0,0,0,0,0,0,1,0,0,0
Annayya,6.5,0,1,1,0,0,0,0,0,0,0,0,1,0,0,0,0
A Very Short Film About Identity,8.8,0,0,1,0,0,0,0,0,0,0,0,0,0,0,0,0
The Bee & the Fox,5.3,0,1,0,0,0,0,0,1,0,0,0,0,0,0,0,0
Greatest Amerimart Hero,6.1,0,1,1,0,0,0,0,0,0,0,0,0,0,0,0,0
Episode #1.8,8.5,0,1,1,0,0,0,1,1,0,0,0,1,0,0,0,0
Shrinks,4.0,0,1,0,0,0,0,0,0,0,0,0,0,0,0,0,0
The Umbrella Man,6.2,0,0,1,0,0,0,0,0,0,0,0,0,0,0,0,0
Attack of the Gorilla!,7.1,0,1,0,0,0,0,0,0,0,0,0,0,0,0,0,0
Huang jia da zei,6.4,1,0,1,0,0,0,0,0,0,0,0,0,1,0,0,0
Flám,6.4,0,1,0,0,0,0,0,0,0,0,0,0,0,0,0,0
Wind Flower,8.2,0,0,1,0,0,0,1,0,1,0,0,0,0,0,0,0
Commercial Success,7.7,0,1,0,0,0,0,0,0,0,0,0,0,0,0,0,0
A Cab for Three,6.9,0,1,1,1,0,0,0,0,0,0,0,0,1,0,0,0
Eddie Explains Himself,8.5,0,0,1,0,0,0,0,0,0,0,0,0,0,0,0,0
Big Cat,7.4,0,1,0,0,0,0,0,0,0,0,0,0,0,0,0,0
Aspasia's Dollars,3.5,0,1,0,0,0,0,0,0,0,0,0,0,0,0,0,0
Les derniers mots,5.5,0,1,0,0,0,0,0,0,0,0,0,0,0,0,0,0
Bad Reception,5.4,0,0,0,1,0,0,0,0,0,0,0,0,0,0,0,0
The Broken Melody,5.2,0,0,1,0,0,0,0,0,0,0,0,0,0,0,0,0
In Diana's Kingdom,9.3,1,1,0,0,0,0,0,0,1,1,0,1,0,1,0,0
Basher! The War for Allen's Car,4.9,0,1,0,0,0,0,0,0,0,0,0,0,0,0,0,0
Dirty Weekend,5.2,0,0,1,1,0,0,0,0,0,0,0,0,1,0,0,0
Porgandite öö,7.6,0,0,0,0,0,0,0,0,1,0,0,0,0,0,0,0
Sitters Street,5.7,0,1,0,0,0,0,0,0,0,0,0,1,0,0,0,0
La Cenerentola,8.3,0,1,1,0,0,0,0,1,0,0,0,0,0,0,0,0
Special Assignment: Big Brother,8.7,0,0,0,0,0,0,0,0,0,0,0,0,1,0,0,0
The Wicked Woods,2.9,0,0,1,1,0,0,0,0,0,0,0,0,0,1,0,0
Keys to the Code: Unlocking the Secrets in Symbols,6.0,0,0,0,0,0,0,0,0,0,0,1,0,0,0,0,0
À vot' bon coeur,6.2,0,1,0,0,0,0,0,0,0,0,0,0,0,0,0,0
Do You Remember the First Time?,8.0,0,0,0,0,0,0,0,0,0,0,1,0,0,0,0,0
Smile of April,8.6,0,1,1,0,0,0,0,0,0,0,0,0,0,0,0,0
The Girl of the Battalion,5.2,0,1,0,0,0,0,1,0,0,0,0,0,0,0,0,0
The Grandmother of Invention,7.0,0,0,1,0,1,0,0,0,0,1,0,1,0,1,0,0
Kanamarayathu,7.4,0,0,1,0,0,0,1,0,0,0,0,0,0,0,0,0
Every Michael Bay Movie in Under a Minute,5.4,0,1,0,0,0,0,0,0,0,0,0,0,0,0,0,0
Syncing,6.8,0,1,1,0,0,0,0,0,0,0,0,0,0,0,0,0
Vue générale de l'Exposition prise du Trocadéro,5.0,0,0,0,0,0,0,0,0,0,0,1,0,0,0,0,0
Castle Bodhran or Bust: Part 1,9.2,0,0,0,0,0,0,0,0,1,1,0,1,0,1,0,0
Ooru naito rongu 2,5.6,0,0,1,1,0,1,0,0,0,0,0,0,0,0,0,0
Nothing Bad Can Happen,6.9,0,0,1,1,0,0,0,0,0,0,0,0,1,0,0,0
Avatars,7.2,1,0,0,0,1,0,0,0,0,0,0,0,0,1,0,0
Do You Want to Go Out?,7.4,0,1,0,0,0,0,0,0,0,0,0,0,0,0,0,0
Going My Home,7.6,0,0,1,0,0,0,0,0,0,0,0,0,0,0,0,0
Tadon to chikuwa,7.8,0,0,0,0,0,0,0,0,0,0,0,0,0,1,0,0
Rapunzel,6.0,0,0,0,0,0,0,0,0,0,0,0,1,0,1,0,0
Frost,4.2,0,0,0,1,0,0,0,0,0,0,0,0,0,0,0,0
The Night Watchman,6.6,0,0,0,0,0,0,0,0,0,0,1,0,0,0,0,0
Caça ao Tesouro,6.8,0,0,0,0,0,0,0,0,0,1,0,0,0,0,0,0
Spider-Man Tech,7.9,0,0,0,0,0,0,0,0,0,0,1,0,0,0,0,0
La hora de la siesta,6.0,0,0,1,0,0,0,0,0,0,0,0,0,0,0,0,0
Inca Mummies: Secrets of a Lost World,6.2,0,0,0,0,0,0,0,0,0,0,1,0,0,0,0,0
Blondes: Anita Ekberg,7.6,0,0,0,0,0,0,0,0,0,0,1,0,0,0,0,0
Le journal d'un suicidé,5.7,0,1,1,0,0,0,0,0,0,0,0,0,0,0,0,0
Episode #1.29,5.6,0,0,1,0,0,0,1,0,0,0,0,0,0,0,0,0
Dawn of an Evil Millennium,6.6,0,0,0,1,0,0,0,0,0,0,0,0,0,0,0,0
Los ángeles,3.9,0,0,1,0,0,0,0,0,0,0,0,0,0,0,0,0
"Spanks Butt, No Spanks",7.6,0,1,0,0,0,0,0,0,0,0,0,1,0,0,0,0
Desatanakkili Karayarilla,7.6,0,0,1,0,0,0,0,0,0,0,0,0,0,0,0,0
Euphoria,7.8,0,0,0,1,0,0,0,0,0,0,0,0,0,0,0,0
Episode #1.11420,7.9,0,0,1,0,0,0,1,0,0,0,0,0,1,0,0,0
Hatch,6.7,0,0,1,0,0,0,0,0,0,0,0,0,0,0,0,0
Linda Ronstadt in Concert: What's New,9.0,0,0,0,0,0,0,0,1,0,0,0,0,0,0,0,0
"Viol conjugal, viol à domicile",8.0,0,0,0,0,0,0,0,0,0,0,1,0,0,0,0,0
Youth Large,8.3,0,1,0,0,0,0,0,0,0,0,0,0,0,0,0,0
Vic Dark,6.3,0,0,0,0,0,0,0,0,0,0,1,0,0,0,0,0
The Nothing,5.7,0,0,1,0,0,0,0,0,0,1,0,1,0,1,0,0
"Lezentano, o ekdikitis",6.9,0,1,0,0,0,0,0,0,0,0,0,0,1,0,0,0
Four-Letter Words,4.2,1,0,0,0,0,0,1,0,0,0,0,0,0,0,0,0
Immortal Youth,5.5,1,0,0,0,0,0,0,0,0,0,0,0,0,0,0,0
Zombie vs. Ninja,7.5,0,1,0,0,0,0,0,0,0,0,0,0,0,0,0,0
Nightmare in Silver,7.2,0,0,1,0,1,0,0,0,0,1,0,0,0,0,0,0
Deep Blue Sea,5.9,1,0,0,1,1,0,0,0,0,1,0,0,0,0,0,0
John Safran's Race Relations,8.2,0,1,0,0,0,0,0,0,0,0,1,0,0,0,0,0
Bigay hilig,5.5,0,0,1,0,0,0,0,0,0,0,0,0,0,0,0,0
Barkley's Barnyard Critters: Mystery Tail,8.0,0,0,0,0,0,0,0,0,1,0,0,0,0,0,0,0
Simon & Simon,7.0,1,0,1,0,0,1,0,0,0,0,0,0,1,0,0,0
De thuiskomst,7.4,0,1,0,0,0,0,0,0,0,0,0,0,0,0,0,0
The Bench,7.3,0,0,1,0,0,0,0,0,0,0,0,0,0,0,0,0
Feldzug im Osten,5.2,0,0,0,0,0,0,0,0,0,0,1,0,0,0,0,0
The Last Governor,9.5,0,0,0,0,0,0,0,0,0,0,1,0,0,0,0,0
Attack of the Morningside Monster,4.6,0,0,0,1,0,1,0,0,0,0,0,0,0,0,0,0
No Stone Unturned,7.0,0,0,0,0,0,0,0,0,0,0,1,0,0,0,0,0
The Garden of Sinners: Overlooking View,6.9,1,0,0,1,0,1,0,0,1,0,0,0,1,1,0,0
Kenny Rogers Live in Concert,7.0,0,0,0,0,0,0,0,1,0,0,0,0,0,0,0,0
"Presentation, or Charlotte and Her Steak",6.0,0,1,0,0,0,0,1,0,0,0,0,0,0,0,0,0
Unplugged,8.1,0,1,1,0,0,0,1,0,0,0,0,0,0,0,0,0
Call Me Almondine/Clam the Outlaw,7.0,0,1,0,0,0,0,0,0,1,1,0,1,0,0,0,0
Episode #1.7,6.4,0,0,0,0,0,0,1,0,0,0,0,0,0,0,0,0
Rave Party,7.8,0,1,1,1,0,1,0,0,0,0,0,0,1,0,0,0
Salut la vie,7.0,0,0,1,0,0,0,0,0,0,0,0,0,0,0,0,0
A2-B-C: Hôshanô to kodomotachi,8.5,0,0,0,0,0,0,0,0,0,0,1,0,0,0,0,0
The Simpsons: Road Rage,7.3,1,1,0,0,0,0,0,0,0,0,0,1,0,0,0,0
Valcík pro milión,4.4,0,0,0,0,0,0,1,0,0,0,0,0,0,0,0,0
Bavuttiyude Namathil,5.5,0,1,1,0,0,0,0,0,0,0,0,0,0,0,0,0
First Principles,7.8,0,0,0,1,0,0,0,0,0,0,0,0,0,0,0,0
"Payne, Payne Go Away",7.5,0,1,1,0,0,0,1,0,0,0,0,1,0,0,0,0
The Ballad of Nessie,6.9,0,1,0,0,0,0,0,0,1,1,0,1,0,1,0,0
Baranskis Geschäft,5.9,0,0,1,1,0,1,0,0,0,0,0,0,1,0,0,0
Le chinois,7.8,0,0,0,0,0,0,0,0,0,0,0,0,1,0,0,0
Hochzeit im Korallenmeer,6.2,0,0,0,0,0,0,0,0,1,0,0,0,0,0,0,0
Fast Reputation,7.0,0,0,1,0,0,0,0,0,1,0,0,1,0,0,0,0
In het belang van de staat,6.2,0,0,1,0,0,0,0,0,0,0,0,0,0,0,0,0
Mars Turkey,6.7,0,1,1,1,0,0,0,0,0,0,0,0,1,0,0,0
Episode #1.11621,5.0,0,0,1,0,0,0,1,0,0,0,0,0,0,0,0,0
Soba 3,7.1,0,0,0,1,0,0,0,0,0,0,0,0,0,0,0,0
Okutank and Teppouo! Whirlpool Cup Preliminaries!!,6.6,1,1,0,0,1,0,0,0,1,1,0,1,0,1,0,0
Baby Killers,6.4,0,0,0,0,0,0,0,0,0,0,1,0,1,0,0,0
Nuremberg,7.3,1,0,1,0,0,0,0,0,0,0,0,0,0,0,1,0
Girls' Boarding School,5.0,0,1,0,0,0,0,0,0,0,0,0,0,0,0,0,0
A Perfect Game,6.6,0,1,0,0,0,0,0,0,0,0,0,0,0,0,0,0
Ten Days,3.6,1,1,0,1,0,0,0,0,0,0,0,0,0,0,0,0
The Sifl & Olly Show,8.8,0,1,0,0,0,0,0,0,0,0,0,0,0,0,0,0
Straight Outta Hunters Point,7.7,0,0,0,0,0,0,0,0,0,0,1,0,0,0,0,0
Seven Monsters and a Baby,9.2,0,1,0,0,0,0,0,0,1,0,0,1,0,1,0,0
Bangai hen: Fuyu no hi!,7.4,0,1,1,0,0,0,0,1,1,0,0,1,0,0,0,0
Illegal Love,7.7,0,0,0,0,0,0,0,0,0,0,1,1,0,0,1,0
Denim Heat,5.4,0,1,0,0,0,0,0,0,0,0,0,0,0,0,0,0
Boys on the Side,6.5,0,1,1,0,0,0,0,0,0,0,0,0,0,0,0,0
Darjeeling Limited,8.0,0,1,0,0,0,0,0,0,0,0,0,0,0,0,0,0
August 12-August 18: V-J Day,7.8,1,0,0,0,0,0,0,0,0,0,1,0,0,0,1,0
Scarborough Ahoy!,7.9,0,0,1,0,0,0,0,0,0,0,0,0,0,0,0,0
Dead Drunk: Part 3,8.0,0,0,1,0,0,0,0,0,0,0,0,0,0,0,0,0
Warrior,8.1,1,0,1,0,0,0,0,0,0,0,0,0,0,0,0,0
Shabbot Shalom,6.6,0,1,1,0,0,0,0,0,0,0,0,0,0,0,0,0
Someone,9.2,0,1,1,0,0,0,1,0,0,0,0,1,0,0,0,0
Animation from Cape Dorset,6.6,0,0,0,0,0,0,0,0,1,0,0,0,0,0,0,0
The Truth About Lesbian Sex,7.1,0,0,0,0,0,0,0,0,0,0,1,0,0,0,0,0
"Busan International Cruise Ship @ Gwangan Bridge (Haeundae-gu, Busan)",7.9,0,1,0,0,0,0,0,0,0,0,0,0,0,0,0,0
KWAK or Kassandra with a K,7.8,0,1,0,0,0,0,0,0,0,0,0,0,0,0,0,0
Top 10 Performance,5.7,0,0,0,0,0,0,0,1,0,0,1,0,0,0,0,0
Different Wheels,6.8,0,0,0,0,0,0,0,0,1,0,0,0,0,0,0,0
The Song That Changed My Life,9.0,0,0,0,0,0,0,0,1,0,0,0,0,0,0,0,0
Finale,6.8,0,0,0,1,0,0,0,0,0,0,0,0,0,0,0,0
North Circular Road,7.4,0,0,1,1,0,1,0,0,0,0,0,0,0,0,0,0
The Pre-Season Game Episode,8.8,0,1,1,0,0,0,1,0,0,0,0,0,0,0,0,0
Brazilian Western,6.6,0,0,1,0,0,0,1,0,0,0,0,0,1,0,0,1
Moloch Tropical,7.1,0,0,1,0,0,0,0,0,0,0,0,0,0,0,0,0
Hiun Gym Match! Purehearted Bug PokéMon Battle!!,6.6,1,1,0,0,1,0,0,0,1,1,0,1,0,1,0,0
Guilt,5.9,0,0,1,0,0,1,0,0,1,0,0,0,0,0,0,0
The Humanity Code,8.4,0,0,0,0,1,0,0,0,0,0,0,0,0,0,0,0
Letting Go,5.4,0,0,0,0,0,0,1,0,0,0,0,0,0,0,0,0
Why Do Fools Fall in Love,6.4,0,0,1,0,0,0,0,1,0,0,0,0,0,0,0,0
School Days,6.7,0,1,0,0,0,0,0,0,0,0,0,0,0,0,0,0
The Little Charmer girl,6.1,0,1,0,0,0,0,1,0,0,0,0,0,0,0,0,0
Secret of the Cardboard Rocket,5.3,0,0,0,0,0,0,0,0,1,0,1,1,0,0,0,0
Nobara hime,7.4,0,0,0,0,0,0,0,0,1,0,0,1,0,1,0,0
Fjärde delen,7.9,0,0,0,1,0,1,0,0,0,0,0,0,1,0,0,0
Addictions,7.9,0,0,1,0,0,0,0,0,0,0,0,0,1,0,0,0
I'm Alive and on Fire,7.9,0,0,1,1,0,1,1,0,0,0,0,0,0,1,0,0
Ik zag daar een poepeke heel sarmant,7.8,0,0,1,0,0,0,0,0,0,0,0,1,0,0,0,0
Elmo's World: Reach for the Sky,5.1,0,0,0,0,0,0,0,0,0,0,0,1,0,0,0,0
I rymden finns inga känslor,6.9,0,1,1,0,0,0,0,0,0,0,0,0,0,0,0,0
Dark Crossing,7.0,1,0,1,0,0,0,0,0,0,0,0,0,0,0,0,0
Vivere: Andrea Bocelli Live in Tuscany,8.3,0,1,1,0,0,0,0,1,0,0,0,0,0,0,0,0
Episode #2.11,7.2,0,1,0,0,0,0,0,0,0,0,0,0,0,0,0,0
A Semana da Paixão,8.2,0,1,1,0,0,0,1,0,0,0,0,1,0,0,1,0
Hotel Lux,6.0,0,1,0,0,0,0,0,0,0,0,0,0,0,0,0,0
A Day in the Lifeless,7.8,0,1,1,0,0,0,0,0,0,0,0,0,0,0,0,0
Rosesh Gets Psychoanalysed,8.2,0,1,0,0,0,0,0,0,0,0,0,0,0,0,0,0
"Dracula, Lord of the Damned",4.3,0,0,1,1,0,0,0,0,0,0,0,0,0,0,0,0
Une journée en taxi,5.8,0,0,1,0,0,0,0,0,0,0,0,0,0,0,0,0
Stanley the Fighter,5.7,0,1,0,0,0,0,0,0,0,0,0,0,0,0,0,0
The 2nd Division Sorties! Ichigo Is Surrounded,6.3,1,0,0,0,0,0,0,0,1,1,0,0,0,1,0,0
2000,8.3,0,0,0,0,0,0,0,1,0,0,0,0,0,0,0,0
Chô robot seimeitai Transformer: Micron densetsu,7.1,0,0,0,0,0,0,0,0,1,0,0,1,0,0,0,0
Death by Death II,7.4,1,1,0,0,0,0,0,0,0,0,0,0,1,0,0,0
Episode #1.5,8.4,1,0,0,0,0,0,1,0,0,0,0,0,0,0,0,0
"Voydite, strazhdushchie!",6.0,0,0,1,0,0,0,0,0,0,0,0,0,0,0,0,0
Major Damage,6.2,1,0,0,0,0,0,0,0,1,0,0,1,0,0,0,0
Árnyékszázad,7.1,0,0,1,0,0,0,0,0,0,0,0,0,0,0,0,0
Dear Heart,6.5,0,0,1,0,0,0,1,0,0,0,0,0,0,0,0,0
Im Sog,6.0,0,0,1,1,0,1,0,0,0,0,0,0,1,0,0,0
Pillertrillaren,3.4,0,1,0,1,0,0,1,0,0,0,0,0,0,0,0,0
ConfinemANT,6.7,0,1,1,0,0,0,0,0,0,0,0,1,0,0,0,0
Kokain - Das Tagebuch der Inga L.,4.2,0,0,0,0,0,0,0,0,0,0,0,0,1,0,0,0
A Chance Meeting,8.0,0,0,1,1,1,0,0,0,0,0,0,0,0,0,0,0
Angel Baby,8.1,0,0,0,0,0,0,1,0,0,0,0,0,0,0,0,0
Thomas & Friends: Pop Goes Thomas,5.5,0,0,0,0,0,0,0,0,1,0,0,1,0,0,0,0
The Tournament of the African Lady,8.6,0,0,0,0,0,0,0,0,1,1,0,0,0,0,1,0
Frederic Remington: The Truth of Other Days,3.4,0,0,0,0,0,0,0,1,0,0,1,0,0,0,1,0
Mr. Bojagi,7.6,0,0,1,0,0,0,0,0,0,0,0,0,0,1,0,0
The Next Space,6.0,1,0,0,0,1,0,0,0,0,0,0,0,0,0,0,0
EA Sports Cricket 2001,4.9,0,0,0,0,0,0,0,0,0,0,0,1,0,0,0,0
Christmas Star,6.5,0,0,0,0,0,0,0,0,0,0,0,1,0,0,0,0
TV or Not TV,6.9,0,1,0,0,0,0,0,0,0,0,0,1,0,0,0,0
2/47,6.2,0,0,1,0,0,0,0,0,0,0,1,0,0,0,0,0
Ardhangini,6.2,0,0,0,0,0,0,1,0,0,0,0,1,0,0,0,0
Dev Anand in Goa (Alias Farar),5.8,1,0,1,1,0,0,1,0,0,0,0,0,0,0,0,0
Pilgrim's Captain,6.5,0,0,0,0,0,0,0,0,0,1,0,0,0,0,0,0
What Makes a Family,6.5,0,0,1,0,0,0,0,0,0,0,0,0,0,0,0,0
Qilin Time,7.3,1,1,1,0,0,0,0,0,1,1,0,1,0,1,0,0
El soborno de Aníbal,9.4,0,0,1,0,0,0,1,0,0,0,0,0,0,0,0,0
Voodoo Vince,7.9,1,1,0,0,0,0,0,0,0,1,0,0,0,1,0,0
My Airhostess Roommate,4.8,0,1,0,0,0,0,1,0,0,0,0,0,0,0,0,0
Roboticus,5.9,0,1,0,0,0,0,0,1,0,1,0,1,0,0,0,0
The Seven Wishes of Joanna Peabody,7.3,0,1,0,0,0,0,0,0,1,1,0,1,0,1,0,0
The Barber of Seville,4.8,0,0,0,0,0,0,0,1,0,0,0,0,0,0,0,0
Vzlety a pády,7.1,0,0,0,0,0,0,0,0,0,0,1,0,0,0,0,0
Lavina,8.0,0,0,1,0,0,0,0,0,0,1,0,0,0,0,0,0
Babbling Bess,5.5,0,0,0,0,0,0,0,1,0,0,0,0,0,0,0,0
Sahasi Chori,6.8,0,0,1,1,0,0,0,0,0,0,0,0,0,0,0,0
Bantsuma - Bando Tsumasaburo no shogai,6.2,0,0,0,0,0,0,0,0,0,0,1,0,0,0,0,0
The Other Side of the Lens,5.6,0,0,0,0,0,0,0,0,0,0,1,0,0,0,0,0
Erotismos kai pathos,4.2,0,0,1,0,0,0,0,0,0,0,0,0,0,0,0,0
Das Automobil,7.0,0,1,0,1,0,0,0,0,0,0,0,1,0,1,0,0
Betrayal,8.2,1,0,0,0,0,0,0,0,0,0,0,0,0,0,0,0
The River Wild,6.5,0,0,0,1,0,0,0,0,0,1,0,0,1,0,0,0
American Werewolf,6.2,0,0,0,0,0,1,0,0,0,0,1,0,0,0,1,0
30. Bölüm,7.8,0,1,0,0,0,0,0,0,0,0,0,0,0,0,0,0
Sisters of War,6.7,1,0,1,0,0,0,0,0,0,0,0,0,0,0,0,0
There Goes the Neighborhood/Pilot,7.7,0,1,0,0,0,0,0,0,0,0,0,0,0,0,0,0
Nekonecná nevystupovat,6.8,0,1,0,0,0,0,0,0,0,0,0,1,0,0,0,0
"Angebote, die man nicht ablehnen kann",5.6,0,0,1,0,0,0,0,0,0,0,0,1,0,0,0,0
Even Angels Fall,7.8,0,0,0,1,0,0,0,0,0,0,0,0,0,0,0,0
Britain's Got Idiots Live,6.7,0,1,0,0,0,0,0,0,0,0,0,0,0,0,0,0
Now That April's Here,8.0,0,0,1,0,0,0,0,0,0,0,0,0,0,0,0,0
New Zealand: Tahr Part 2,8.7,0,0,0,0,0,0,0,0,0,0,1,0,0,0,0,0
I Think I Do,4.7,0,1,0,0,0,0,0,0,0,0,0,0,0,0,0,0
The First Night,6.7,0,1,0,0,0,0,1,0,0,0,0,0,0,0,0,0
Three Wishes,6.1,0,0,1,0,0,0,0,0,0,0,0,1,0,1,0,0
Dirt,7.4,0,0,0,1,0,0,0,0,0,0,0,0,0,0,0,0
Cattle Killers,6.2,0,0,0,0,0,1,0,0,0,0,1,0,0,0,1,0
Hobby,7.0,0,0,0,0,0,0,0,0,0,0,1,0,0,0,0,0
Possessed,6.1,0,0,0,1,0,1,0,0,0,0,0,0,0,0,0,0
Vamsanikokkadu,7.7,0,0,1,0,0,0,0,0,0,0,0,1,0,0,0,0
Way of the Samurai,8.1,1,0,0,0,0,0,0,0,0,1,0,0,0,0,0,0
Episode #1.5,7.5,0,1,0,0,0,0,0,0,0,0,0,0,0,0,0,0
The Mechanical Bride,6.8,0,0,0,0,1,0,0,0,0,0,1,0,0,1,0,0
Spicy Beauty Queen of Bangkok 2,3.6,0,1,0,0,0,0,0,0,0,0,0,0,0,0,0,0
J ZLO Is in the House!,7.7,0,1,0,0,0,0,0,0,0,0,0,0,0,0,0,0
Made-Up,6.0,0,1,1,0,0,0,0,0,0,0,0,0,0,0,0,0
"Roberto Devereux, Tragedia lirica in drei Akten",8.3,0,0,1,0,0,0,0,1,0,0,0,0,0,0,0,0
Kyôto kaimasu,6.4,0,0,0,1,1,0,0,0,0,0,0,0,0,0,0,0
Sacred Cargo,4.0,0,0,0,1,0,0,0,0,0,0,0,0,0,0,0,0
Hi Cousin!,5.8,0,1,0,0,0,0,0,0,0,0,0,0,0,0,0,0
Bad Luck Often Brings Good Luck,7.4,1,1,0,0,1,0,0,0,1,1,0,0,1,0,0,0
Delicious Disappointment,8.3,0,1,0,0,0,0,0,0,0,0,0,0,0,0,0,0
Kinou. kyou. ashita,7.4,0,0,0,0,0,0,1,1,1,1,0,1,0,0,1,0
Lacrime d'amore,3.9,0,1,0,0,0,0,0,1,0,0,0,0,0,0,0,0
George Carlin: Personal Favorites,8.2,0,1,0,0,0,0,0,0,0,0,0,0,0,0,0,0
Hanamaru na sankaku kankei/Hanamaru na ichinichi,6.8,0,1,0,0,0,0,0,0,1,0,0,0,0,0,0,0
The Monster's Ring,8.3,0,0,0,0,0,0,0,0,1,0,0,1,0,0,0,0
Canyon Flowers,7.6,0,0,1,0,0,1,0,0,0,0,0,0,1,0,0,0
Slicked-up Pup,7.8,0,1,0,0,0,0,0,0,1,0,0,1,0,0,0,0
One Angry Fuchsbau,8.2,0,0,1,0,0,1,0,0,0,0,0,0,1,1,0,0
Young Shoulders,7.0,0,1,1,1,0,1,0,0,0,0,0,0,0,0,0,0
Green Eyed Munsters,5.6,0,1,0,0,1,0,0,0,0,0,0,0,0,0,0,0
A Public Mischief: Part Two,6.7,0,0,1,0,0,0,0,0,0,0,0,0,0,0,0,0
Xavier: Renegade Angel,7.9,0,1,0,0,0,0,0,0,1,1,0,0,0,0,0,0
Interlude,6.3,0,0,0,0,0,1,0,0,1,1,0,0,0,0,0,0
9/11: Blueprint for Truth - The Architecture of Destruction,8.0,0,0,0,0,0,0,0,0,0,0,1,0,0,0,0,0
Podozrenie,5.9,0,0,0,1,0,0,0,0,0,0,0,0,1,0,0,0
Giai Cuu Than Chet,5.4,1,1,0,0,0,0,0,0,0,0,0,0,0,1,0,0
"They Shoot Movies, Don't They? ...the Making of 'Mirage'",7.6,0,0,1,0,0,0,0,0,0,0,0,0,0,0,0,0
La notte quando è morto Pasolini,6.9,0,0,0,0,0,0,0,0,0,0,1,0,0,0,0,0
A Greater Yes: The Story of Amy Newhouse,6.4,0,0,1,0,0,0,0,0,0,0,0,0,0,0,0,0
Jigarwala,3.1,1,0,1,0,0,0,0,0,0,0,0,0,0,0,0,0
Pheray,6.6,0,0,0,0,0,0,0,1,0,0,0,0,0,0,0,0
Bonobo,6.9,0,0,1,0,0,0,0,0,0,0,0,0,0,0,0,0
Early Checkout,8.5,0,1,0,0,0,0,0,0,0,0,0,0,0,0,0,0
Sins of the Mother,6.2,0,0,1,0,0,0,0,0,0,0,0,0,0,0,0,0
A-Date,8.5,0,0,0,0,0,0,1,0,0,0,0,0,0,0,0,0
Eating Out: Drama Camp,5.3,0,1,0,0,0,0,0,0,0,0,0,0,0,0,0,0
40-ci qapi,7.9,0,0,1,0,0,0,0,0,0,0,0,0,0,0,0,0
Surat Untuk Bidadari,6.5,0,0,1,0,0,0,0,0,0,0,0,0,0,0,0,0
"Hercule Poirot, Series IX: Mrs. McGinty's Dead",7.6,0,0,1,0,0,1,0,0,0,0,0,0,1,0,0,0
Memories of an Angel,7.0,1,1,1,0,1,0,1,0,1,1,0,0,0,1,0,0
Sahrayicedid,9.7,1,0,1,0,0,0,1,0,0,0,0,0,0,0,0,0
How to Be a Detective,5.5,0,1,0,0,0,0,0,0,0,0,0,0,1,0,0,0
Charli y la fábrica de prostitutas,6.6,0,1,0,0,0,0,0,0,0,0,0,0,0,0,0,0
Kenny vs. Spenny Christmas Special,5.7,0,1,0,0,0,0,0,0,0,0,0,0,0,0,0,0
Malet me blerim mbuluar,8.0,1,0,1,0,0,0,0,0,0,0,0,0,0,0,0,0
Betrayed,7.2,0,0,0,0,0,0,0,0,0,0,1,0,1,0,0,0
The White Meadows,7.6,0,0,1,0,0,0,0,0,0,0,0,0,0,0,0,0
Gray Hour,7.6,0,0,1,1,1,1,0,0,0,0,0,0,0,0,0,0
Autour du mur,7.1,0,0,0,0,0,0,0,0,0,0,1,0,0,0,0,0
Episode #1.32,8.0,1,0,1,1,0,0,0,0,0,0,0,0,1,0,0,0
Threads,7.5,0,0,0,0,0,0,0,0,0,0,1,0,0,0,0,0
Bikini Beach Home Run Derby,9.8,0,1,0,0,0,0,0,0,0,0,0,0,0,0,0,0
Guild Hall,7.8,0,1,0,0,0,0,0,0,0,0,0,0,0,0,0,0
Scotland's Sin City,7.5,0,0,0,0,0,0,0,0,0,0,1,0,0,0,1,0
Shitô! God Ginrai Tai Shinsei Darkwings,6.3,0,0,0,0,1,0,0,0,1,1,0,1,0,1,0,0
Highly Classified: The World of 007,6.8,0,0,0,0,0,0,0,0,0,0,1,0,0,0,0,0
"Baliscate Chapel, Tobermory, Isle of Mull",9.0,0,0,0,0,0,0,0,0,0,0,1,0,0,0,1,0
Ogida le cherokee,5.7,0,1,0,0,0,0,0,0,1,1,0,0,0,1,0,0
L'Oasi La Rizza,9.0,0,0,0,0,0,0,0,0,0,0,1,0,0,0,0,0
Episode #3.1,9.4,0,0,0,0,0,0,0,0,0,0,0,1,0,1,0,0
Domino Effect,7.7,0,0,1,0,0,0,0,0,0,0,0,0,0,0,0,0
Devil in the Desert,6.4,0,0,0,0,0,0,0,0,0,0,1,0,1,0,0,0
Clausens garage,6.5,0,1,0,0,0,0,0,0,0,0,0,0,0,0,0,0
Episode #1.6109,5.0,0,0,1,0,0,0,1,0,0,0,0,0,0,0,0,0
Yami yo ni hibiku akuma no beru,7.9,1,0,0,0,1,0,1,0,1,1,0,0,0,0,0,0
Lady Pasta,7.9,0,1,0,1,0,0,0,0,0,0,0,1,0,1,0,0
Please Make Me Lesbian! 5,5.2,0,0,1,0,0,0,1,0,0,0,0,0,0,0,0,0
Die Kleinbürger,8.6,0,0,1,0,0,0,0,0,0,0,0,0,0,0,0,0
Planets and Moons,8.0,0,1,0,0,0,0,0,0,0,0,1,1,0,0,0,0
Baishi Pahache Kheliba Mina,7.2,0,0,1,0,0,0,0,1,0,0,0,1,0,0,0,0
Les tourelles,8.1,0,1,0,0,0,0,0,0,0,1,0,0,0,1,0,0
Dead Island: No Retreat,7.4,1,0,0,1,0,0,0,0,0,0,0,0,0,0,0,0
Royal Rumble,6.9,1,0,0,0,0,0,0,0,0,0,0,0,0,0,0,0
I See Dead People (And They're Cracking Me Up),7.0,0,1,0,1,0,0,0,0,0,0,1,0,0,0,0,0
Not with My Daughter,7.9,0,1,0,0,0,0,0,0,0,0,0,0,0,0,0,0
Suivez-moi jeune homme,4.4,0,1,0,0,0,0,0,0,0,0,0,0,0,0,0,0
Josh's Suicide,6.3,0,1,0,0,0,0,0,0,0,0,0,0,0,0,0,0
Utang ni Tatang,8.2,0,1,1,0,0,0,0,0,0,1,0,0,0,0,0,0
Herseye Ragmen,6.4,0,0,1,0,0,0,0,0,0,0,0,0,0,0,0,0
Max collectioneur de chaussures,7.6,0,1,0,0,0,0,1,0,0,0,0,0,0,1,0,0
World of Legs,9.1,0,1,0,0,0,0,0,0,1,0,0,1,0,0,0,0
Nocturne,6.4,0,0,1,0,0,0,0,0,0,0,0,0,0,0,0,0
Transcendendo Lynch,4.6,0,0,0,0,0,0,0,0,0,0,1,0,0,0,0,0
Sloppy the Psychotic,4.5,0,0,0,1,0,0,0,0,0,0,0,0,0,0,0,0
Shutdown,8.2,0,0,1,0,0,0,0,0,0,0,0,0,1,0,1,0
Hatirlamak Unutmaktan Zordur,8.8,0,0,1,0,0,0,0,0,0,0,0,0,1,0,0,0
Hemlock Gin and Juice,7.3,0,1,0,0,1,0,0,0,1,1,0,0,0,0,0,0
Shizumu kuro,8.4,1,1,1,1,0,1,0,0,1,1,0,0,0,1,0,0
Mind Games,7.6,0,1,0,0,0,0,0,0,0,0,0,0,0,0,0,0
Maronzio Vance,6.0,0,1,0,0,0,0,0,0,0,0,0,0,0,0,0,0
Der Verräter,7.6,0,0,0,0,1,0,0,0,0,0,0,0,0,0,0,0
Emo Gurram Egaravachu,4.4,0,0,1,0,0,0,0,0,0,0,0,0,0,0,0,0
Homecoming,6.1,0,1,0,0,0,0,0,0,0,0,0,0,0,0,0,0
Santiago,8.5,0,0,1,0,0,0,0,0,0,0,0,0,0,0,0,0
Una historia de tango,7.0,0,0,0,0,0,0,0,1,0,0,0,0,0,0,0,0
Treasure Island: The Adventure Begins,7.6,0,0,0,0,0,0,0,0,0,1,0,1,0,0,0,0
Tian guan ci fu,3.6,0,1,0,0,0,1,1,0,0,0,0,0,0,0,0,0
Leonard Bernstein: Reflections,7.5,0,0,0,0,0,0,0,1,0,0,1,0,0,0,0,0
Time to Organize!,5.2,0,0,0,0,0,0,0,0,0,0,1,0,0,0,0,0
End Times,8.5,1,0,0,1,1,0,0,0,0,0,0,0,0,0,0,0
Columbo: A Bird in the Hand,7.2,0,0,1,0,0,1,0,0,0,0,0,0,1,0,0,0
Look at Life: A Pinch of Salt,7.0,0,0,0,0,0,0,0,0,0,0,1,0,0,0,0,0
Here Comes the Boom,8.0,0,0,1,0,0,0,0,0,0,0,0,0,0,0,0,0
Batman Begins: Behind the Mask,7.4,0,0,0,0,0,0,0,0,0,0,1,0,0,0,0,0
International Necktie Strangler,6.4,0,0,0,1,0,0,0,0,0,0,0,0,0,0,0,0
Orson Welles: The One-Man Band,7.5,0,0,0,0,0,0,0,0,0,0,1,0,0,0,0,0
Women from the South,6.8,0,0,0,0,0,0,0,0,0,0,1,0,0,0,0,0
In Sickness and in Health,5.4,0,0,0,1,0,0,0,0,0,0,0,0,0,0,0,0
Claiming the Title: Gay Olympics on Trial,7.6,0,0,0,0,0,0,0,0,0,0,1,0,0,0,0,0
Yaathra,8.1,0,0,1,0,0,0,1,0,0,0,0,0,0,0,0,0
Britney Spears and Joey McIntyre in Concert,4.5,0,0,0,0,0,0,0,1,0,0,1,0,0,0,0,0
Black Butler II,7.3,1,1,1,1,0,0,0,0,1,0,0,0,0,1,0,0
Lash of the Scorpion,4.7,1,0,0,1,0,0,0,0,0,0,0,0,0,0,0,0
Zgvarze,7.5,0,0,1,0,0,1,0,0,0,0,0,0,0,0,0,0
Das Zauberbuch,5.8,0,1,0,0,0,0,0,0,0,0,0,1,0,1,0,0
Stakeout at Surfrider Beach,5.9,1,0,1,0,0,0,1,0,0,1,0,0,1,0,0,0
Murder at Christmas,7.8,0,1,0,0,0,0,0,0,0,0,0,0,0,0,0,0
By a Strand,5.8,0,0,0,1,0,0,0,0,0,0,0,0,0,0,0,0
Pacific Rim,6.6,1,0,0,0,1,0,0,0,0,0,0,0,0,0,0,0
"Gary Clark, Jr./Alabama Shakes",8.2,0,0,0,0,0,0,0,1,0,0,1,0,0,0,0,0
Everybody Hates the Ninth-Grade Dance,7.7,0,1,1,0,0,0,0,1,0,0,0,0,0,0,0,0
Sweat Hog Shark,5.4,0,1,0,0,0,0,0,0,1,0,0,1,0,0,0,0
Padurea de fagi,5.2,0,0,1,0,0,0,0,0,0,0,0,0,0,0,0,0
Skeleton Crew,3.5,0,0,0,1,0,0,0,0,0,0,0,0,0,0,0,0
Hero,3.9,1,0,1,1,0,0,0,0,0,0,0,0,0,0,0,0
Benny Hill's V!deo S!deshow,7.7,0,1,0,0,0,0,0,0,0,0,0,0,0,0,0,0
The Truett Street Massacre,7.2,0,0,0,0,0,0,0,0,0,0,1,0,1,0,0,0
Lucille Vanderlip Gives a Barbeque Party,8.8,0,1,0,0,0,0,0,0,0,0,0,0,0,0,0,0
Incontri di primavera,5.5,0,0,1,0,0,0,0,0,0,0,0,0,0,0,0,0
Heading Home,7.4,0,0,1,0,0,0,0,0,0,0,0,0,0,0,0,0
The Case Of The Undercover Cop: Part 1,5.9,1,0,0,0,0,0,0,0,0,0,0,0,1,0,0,0
Origins: Obe and Ashima,8.3,0,0,0,0,0,0,0,0,0,1,0,0,0,0,0,0
Mothers and Daughters,4.9,0,0,1,0,0,0,0,0,0,0,0,0,0,0,0,0
Dinozavr,6.9,0,0,0,0,0,0,0,0,0,0,0,0,1,0,0,0
Alfa-beat-a,7.4,0,1,0,0,1,0,0,0,1,0,0,0,0,0,0,0
CNBC Investigates: Illegal Gambling,6.8,0,0,0,0,0,0,0,0,0,0,1,0,0,0,0,0
Episode #3.10,8.2,0,1,0,0,0,0,0,0,0,0,0,0,0,0,0,0
Robots Don't Dream Part 2,7.6,0,0,0,0,1,0,0,0,1,0,0,1,0,0,0,0
This Must Be the Place,6.7,0,1,1,0,0,0,0,0,0,1,0,0,0,0,0,0
Old Henry,7.9,0,0,1,0,0,0,0,0,0,0,0,0,0,0,0,0
Walk a While in My Shoes,8.3,0,1,0,0,0,0,0,0,0,0,0,0,0,0,0,0
Sathi Hara,7.1,0,0,1,0,0,0,0,0,0,0,0,0,0,0,0,0
Yakilacak kitap,3.9,0,0,1,0,0,0,0,0,0,0,0,0,0,0,0,0
The Office: The Mentor,7.0,0,1,0,0,0,0,0,0,0,0,0,0,0,0,0,0
Qu'est-ce que tu veux Julie?,5.6,0,1,1,0,0,0,0,0,0,0,0,0,0,0,0,0
Something Something,5.8,0,0,0,0,0,0,1,0,0,0,0,0,0,0,0,0
